city,district,village,neighborhood,address,compile_date,compile_type
台北市,大安區,民炤里,013鄰,新生南路一段１５７巷２０號,民國114年11月7日,門牌初編
台北市,大安區,民炤里,013鄰,新生南路一段１５７巷２０號七樓,民國114年11月7日,門牌初編
台北市,大安區,民炤里,013鄰,新生南路一段１５７巷２０號七樓之１,民國114年11月7日,門牌初編
台北市,大安區,民炤里,013鄰,新生南路一段１５７巷２０號九樓,民國114年11月7日,門牌初編
台北市,大安區,民炤里,013鄰,新生南路一段１５７巷２０號九樓之１,民國114年11月7日,門牌初編
台北市,大安區,民炤里,013鄰,新生南路一段１５７巷２０號二樓,民國114年11月7日,門牌初編
台北市,大安區,民炤里,013鄰,新生南路一段１５７巷２０號二樓之１,民國114年11月7日,門牌初編
台北市,大安區,民炤里,013鄰,新生南路一段１５７巷２０號八樓,民國114年11月7日,門牌初編
台北市,大安區,民炤里,013鄰,新生南路一段１５７巷２０號八樓之１,民國114年11月7日,門牌初編
台北市,大安區,民炤里,013鄰,新生南路一段１５７巷２０號十一樓,民國114年11月7日,門牌初編
台北市,大安區,民炤里,013鄰,新生南路一段１５７巷２０號十一樓之１,民國114年11月7日,門牌初編
台北市,大安區,民炤里,013鄰,新生南路一段１５７巷２０號十二樓,民國114年11月7日,門牌初編
台北市,大安區,民炤里,013鄰,新生南路一段１５７巷２０號十二樓之１,民國114年11月7日,門牌初編
台北市,大安區,民炤里,013鄰,新生南路一段１５７巷２０號十三樓,民國114年11月7日,門牌初編
台北市,大安區,民炤里,013鄰,新生南路一段１５７巷２０號十三樓之１,民國114年11月7日,門牌初編
台北市,大安區,民炤里,013鄰,新生南路一段１５７巷２０號十樓,民國114年11月7日,門牌初編
台北市,大安區,民炤里,013鄰,新生南路一段１５７巷２０號十樓之１,民國114年11月7日,門牌初編
台北市,大安區,民炤里,013鄰,新生南路一段１５７巷２０號三樓,民國114年11月7日,門牌初編
台北市,大安區,民炤里,013鄰,新生南路一段１５７巷２０號三樓之１,民國114年11月7日,門牌初編
台北市,大安區,民炤里,013鄰,新生南路一段１５７巷２０號五樓,民國114年11月7日,門牌初編
台北市,大安區,民炤里,013鄰,新生南路一段１５７巷２０號五樓之１,民國114年11月7日,門牌初編
台北市,大安區,民炤里,013鄰,新生南路一段１５７巷２０號六樓,民國114年11月7日,門牌初編
台北市,大安區,民炤里,013鄰,新生南路一段１５７巷２０號六樓之１,民國114年11月7日,門牌初編
台北市,大安區,民炤里,013鄰,新生南路一段１５７巷２０號四樓,民國114年11月7日,門牌初編
台北市,大安區,民炤里,013鄰,新生南路一段１５７巷２０號四樓之１,民國114年11月7日,門牌初編
台北市,大安區,芳和里,014鄰,和平東路三段２１２巷２７之１號,民國114年10月22日,門牌初編
台北市,大安區,民輝里,002鄰,新生南路一段１１７號,民國114年10月17日,門牌初編
台北市,大安區,民輝里,002鄰,新生南路一段１１７號七樓,民國114年10月17日,門牌初編
台北市,大安區,民輝里,002鄰,新生南路一段１１７號九樓,民國114年10月17日,門牌初編
台北市,大安區,民輝里,002鄰,新生南路一段１１７號八樓,民國114年10月17日,門牌初編
台北市,大安區,民輝里,002鄰,新生南路一段１１７號十樓,民國114年10月17日,門牌初編
台北市,大安區,民輝里,002鄰,新生南路一段１１７號五樓,民國114年10月17日,門牌初編
台北市,大安區,民輝里,002鄰,新生南路一段１１７號六樓,民國114年10月17日,門牌初編
台北市,大安區,民輝里,002鄰,新生南路一段１１７號四樓,民國114年10月17日,門牌初編
台北市,大安區,臥龍里,003鄰,敦南街１０１號,民國114年10月16日,門牌初編
台北市,大安區,臥龍里,003鄰,敦南街１０１號七樓,民國114年10月16日,門牌初編
台北市,大安區,臥龍里,003鄰,敦南街１０１號七樓之１,民國114年10月16日,門牌初編
台北市,大安區,臥龍里,003鄰,敦南街１０１號七樓之２,民國114年10月16日,門牌初編
台北市,大安區,臥龍里,003鄰,敦南街１０１號七樓之３,民國114年10月16日,門牌初編
台北市,大安區,臥龍里,003鄰,敦南街１０１號七樓之５,民國114年10月16日,門牌初編
台北市,大安區,臥龍里,003鄰,敦南街１０１號九樓,民國114年10月16日,門牌初編
台北市,大安區,臥龍里,003鄰,敦南街１０１號九樓之１,民國114年10月16日,門牌初編
台北市,大安區,臥龍里,003鄰,敦南街１０１號九樓之２,民國114年10月16日,門牌初編
台北市,大安區,臥龍里,003鄰,敦南街１０１號九樓之３,民國114年10月16日,門牌初編
台北市,大安區,臥龍里,003鄰,敦南街１０１號九樓之５,民國114年10月16日,門牌初編
台北市,大安區,臥龍里,003鄰,敦南街１０１號二樓,民國114年10月16日,門牌初編
台北市,大安區,臥龍里,003鄰,敦南街１０１號二樓之１,民國114年10月16日,門牌初編
台北市,大安區,臥龍里,003鄰,敦南街１０１號二樓之２,民國114年10月16日,門牌初編
台北市,大安區,臥龍里,003鄰,敦南街１０１號二樓之３,民國114年10月16日,門牌初編
台北市,大安區,臥龍里,003鄰,敦南街１０１號二樓之５,民國114年10月16日,門牌初編
台北市,大安區,臥龍里,003鄰,敦南街１０１號八樓,民國114年10月16日,門牌初編
台北市,大安區,臥龍里,003鄰,敦南街１０１號八樓之１,民國114年10月16日,門牌初編
台北市,大安區,臥龍里,003鄰,敦南街１０１號八樓之２,民國114年10月16日,門牌初編
台北市,大安區,臥龍里,003鄰,敦南街１０１號八樓之３,民國114年10月16日,門牌初編
台北市,大安區,臥龍里,003鄰,敦南街１０１號八樓之５,民國114年10月16日,門牌初編
台北市,大安區,臥龍里,003鄰,敦南街１０１號十一樓,民國114年10月16日,門牌初編
台北市,大安區,臥龍里,003鄰,敦南街１０１號十一樓之１,民國114年10月16日,門牌初編
台北市,大安區,臥龍里,003鄰,敦南街１０１號十一樓之２,民國114年10月16日,門牌初編
台北市,大安區,臥龍里,003鄰,敦南街１０１號十一樓之３,民國114年10月16日,門牌初編
台北市,大安區,臥龍里,003鄰,敦南街１０１號十二樓,民國114年10月16日,門牌初編
台北市,大安區,臥龍里,003鄰,敦南街１０１號十二樓之１,民國114年10月16日,門牌初編
台北市,大安區,臥龍里,003鄰,敦南街１０１號十二樓之２,民國114年10月16日,門牌初編
台北市,大安區,臥龍里,003鄰,敦南街１０１號十三樓,民國114年10月16日,門牌初編
台北市,大安區,臥龍里,003鄰,敦南街１０１號十三樓之１,民國114年10月16日,門牌初編
台北市,大安區,臥龍里,003鄰,敦南街１０１號十三樓之２,民國114年10月16日,門牌初編
台北市,大安區,臥龍里,003鄰,敦南街１０１號十樓,民國114年10月16日,門牌初編
台北市,大安區,臥龍里,003鄰,敦南街１０１號十樓之１,民國114年10月16日,門牌初編
台北市,大安區,臥龍里,003鄰,敦南街１０１號十樓之２,民國114年10月16日,門牌初編
台北市,大安區,臥龍里,003鄰,敦南街１０１號十樓之３,民國114年10月16日,門牌初編
台北市,大安區,臥龍里,003鄰,敦南街１０１號十樓之５,民國114年10月16日,門牌初編
台北市,大安區,臥龍里,003鄰,敦南街１０１號三樓,民國114年10月16日,門牌初編
台北市,大安區,臥龍里,003鄰,敦南街１０１號三樓之１,民國114年10月16日,門牌初編
台北市,大安區,臥龍里,003鄰,敦南街１０１號三樓之２,民國114年10月16日,門牌初編
台北市,大安區,臥龍里,003鄰,敦南街１０１號三樓之３,民國114年10月16日,門牌初編
台北市,大安區,臥龍里,003鄰,敦南街１０１號三樓之５,民國114年10月16日,門牌初編
台北市,大安區,臥龍里,003鄰,敦南街１０１號五樓,民國114年10月16日,門牌初編
台北市,大安區,臥龍里,003鄰,敦南街１０１號五樓之１,民國114年10月16日,門牌初編
台北市,大安區,臥龍里,003鄰,敦南街１０１號五樓之２,民國114年10月16日,門牌初編
台北市,大安區,臥龍里,003鄰,敦南街１０１號五樓之３,民國114年10月16日,門牌初編
台北市,大安區,臥龍里,003鄰,敦南街１０１號五樓之５,民國114年10月16日,門牌初編
台北市,大安區,臥龍里,003鄰,敦南街１０１號六樓,民國114年10月16日,門牌初編
台北市,大安區,臥龍里,003鄰,敦南街１０１號六樓之１,民國114年10月16日,門牌初編
台北市,大安區,臥龍里,003鄰,敦南街１０１號六樓之２,民國114年10月16日,門牌初編
台北市,大安區,臥龍里,003鄰,敦南街１０１號六樓之３,民國114年10月16日,門牌初編
台北市,大安區,臥龍里,003鄰,敦南街１０１號六樓之５,民國114年10月16日,門牌初編
台北市,大安區,臥龍里,003鄰,敦南街１０１號四樓,民國114年10月16日,門牌初編
台北市,大安區,臥龍里,003鄰,敦南街１０１號四樓之１,民國114年10月16日,門牌初編
台北市,大安區,臥龍里,003鄰,敦南街１０１號四樓之２,民國114年10月16日,門牌初編
台北市,大安區,臥龍里,003鄰,敦南街１０１號四樓之３,民國114年10月16日,門牌初編
台北市,大安區,臥龍里,003鄰,敦南街１０１號四樓之５,民國114年10月16日,門牌初編
台北市,大安區,學府里,004鄰,羅斯福路四段１１９巷６２弄５１號,民國114年10月9日,門牌初編
台北市,大安區,民炤里,014鄰,建國南路一段３０４巷５１號,民國114年9月8日,門牌初編
台北市,大安區,民炤里,014鄰,建國南路一段３０４巷５３號,民國114年9月8日,門牌初編
台北市,大安區,民炤里,014鄰,建國南路一段３０４巷５３號七樓,民國114年9月8日,門牌初編
台北市,大安區,民炤里,014鄰,建國南路一段３０４巷５３號七樓之１,民國114年9月8日,門牌初編
台北市,大安區,民炤里,014鄰,建國南路一段３０４巷５３號七樓之２,民國114年9月8日,門牌初編
台北市,大安區,民炤里,014鄰,建國南路一段３０４巷５３號七樓之３,民國114年9月8日,門牌初編
台北市,大安區,民炤里,014鄰,建國南路一段３０４巷５３號七樓之５,民國114年9月8日,門牌初編
台北市,大安區,民炤里,014鄰,建國南路一段３０４巷５３號二樓,民國114年9月8日,門牌初編
台北市,大安區,民炤里,014鄰,建國南路一段３０４巷５３號二樓之１,民國114年9月8日,門牌初編
台北市,大安區,民炤里,014鄰,建國南路一段３０４巷５３號二樓之２,民國114年9月8日,門牌初編
台北市,大安區,民炤里,014鄰,建國南路一段３０４巷５３號二樓之３,民國114年9月8日,門牌初編
台北市,大安區,民炤里,014鄰,建國南路一段３０４巷５３號二樓之５,民國114年9月8日,門牌初編
台北市,大安區,民炤里,014鄰,建國南路一段３０４巷５３號二樓之６,民國114年9月8日,門牌初編
台北市,大安區,民炤里,014鄰,建國南路一段３０４巷５３號八樓,民國114年9月8日,門牌初編
台北市,大安區,民炤里,014鄰,建國南路一段３０４巷５３號八樓之１,民國114年9月8日,門牌初編
台北市,大安區,民炤里,014鄰,建國南路一段３０４巷５３號八樓之２,民國114年9月8日,門牌初編
台北市,大安區,民炤里,014鄰,建國南路一段３０４巷５３號八樓之３,民國114年9月8日,門牌初編
台北市,大安區,民炤里,014鄰,建國南路一段３０４巷５３號八樓之５,民國114年9月8日,門牌初編
台北市,大安區,民炤里,014鄰,建國南路一段３０４巷５３號三樓,民國114年9月8日,門牌初編
台北市,大安區,民炤里,014鄰,建國南路一段３０４巷５３號三樓之１,民國114年9月8日,門牌初編
台北市,大安區,民炤里,014鄰,建國南路一段３０４巷５３號三樓之２,民國114年9月8日,門牌初編
台北市,大安區,民炤里,014鄰,建國南路一段３０４巷５３號三樓之３,民國114年9月8日,門牌初編
台北市,大安區,民炤里,014鄰,建國南路一段３０４巷５３號三樓之５,民國114年9月8日,門牌初編
台北市,大安區,民炤里,014鄰,建國南路一段３０４巷５３號三樓之６,民國114年9月8日,門牌初編
台北市,大安區,民炤里,014鄰,建國南路一段３０４巷５３號五樓,民國114年9月8日,門牌初編
台北市,大安區,民炤里,014鄰,建國南路一段３０４巷５３號五樓之１,民國114年9月8日,門牌初編
台北市,大安區,民炤里,014鄰,建國南路一段３０４巷５３號五樓之２,民國114年9月8日,門牌初編
台北市,大安區,民炤里,014鄰,建國南路一段３０４巷５３號五樓之３,民國114年9月8日,門牌初編
台北市,大安區,民炤里,014鄰,建國南路一段３０４巷５３號六樓,民國114年9月8日,門牌初編
台北市,大安區,民炤里,014鄰,建國南路一段３０４巷５３號六樓之１,民國114年9月8日,門牌初編
台北市,大安區,民炤里,014鄰,建國南路一段３０４巷５３號六樓之２,民國114年9月8日,門牌初編
台北市,大安區,民炤里,014鄰,建國南路一段３０４巷５３號六樓之３,民國114年9月8日,門牌初編
台北市,大安區,民炤里,014鄰,建國南路一段３０４巷５３號六樓之５,民國114年9月8日,門牌初編
台北市,大安區,民炤里,014鄰,建國南路一段３０４巷５３號四樓,民國114年9月8日,門牌初編
台北市,大安區,民炤里,014鄰,建國南路一段３０４巷５３號四樓之１,民國114年9月8日,門牌初編
台北市,大安區,民炤里,014鄰,建國南路一段３０４巷５３號四樓之２,民國114年9月8日,門牌初編
台北市,大安區,民炤里,014鄰,建國南路一段３０４巷５３號四樓之３,民國114年9月8日,門牌初編
台北市,大安區,民炤里,014鄰,建國南路一段３０４巷５３號四樓之５,民國114年9月8日,門牌初編
台北市,大安區,民炤里,014鄰,建國南路一段３０４巷５３號四樓之６,民國114年9月8日,門牌初編
台北市,中山區,江寧里,004鄰,合江街１８０巷２６號七樓,民國114年11月24日,門牌初編
台北市,中山區,江寧里,004鄰,合江街１８０巷２６號九樓,民國114年11月24日,門牌初編
台北市,中山區,江寧里,004鄰,合江街１８０巷２６號八樓,民國114年11月24日,門牌初編
台北市,中山區,江寧里,004鄰,合江街１８０巷２６號十一樓,民國114年11月24日,門牌初編
台北市,中山區,江寧里,004鄰,合江街１８０巷２６號十二樓,民國114年11月24日,門牌初編
台北市,中山區,江寧里,004鄰,合江街１８０巷２６號十樓,民國114年11月24日,門牌初編
台北市,中山區,江寧里,004鄰,合江街１８０巷２６號三樓,民國114年11月24日,門牌初編
台北市,中山區,江寧里,004鄰,合江街１８０巷２６號五樓,民國114年11月24日,門牌初編
台北市,中山區,江寧里,004鄰,合江街１８０巷２６號六樓,民國114年11月24日,門牌初編
台北市,中山區,江寧里,004鄰,合江街１８０巷２６號四樓,民國114年11月24日,門牌初編
台北市,中山區,江寧里,004鄰,合江街１８０巷２８號七樓,民國114年11月24日,門牌初編
台北市,中山區,江寧里,004鄰,合江街１８０巷２８號十一樓,民國114年11月24日,門牌初編
台北市,中山區,江寧里,004鄰,合江街１８０巷２８號十二樓,民國114年11月24日,門牌初編
台北市,中山區,江寧里,004鄰,合江街１８０巷２８號十樓,民國114年11月24日,門牌初編
台北市,中山區,江寧里,004鄰,合江街１８０巷２８號三樓,民國114年11月24日,門牌初編
台北市,中山區,江寧里,004鄰,合江街１８０巷２８號五樓,民國114年11月24日,門牌初編
台北市,中山區,江寧里,004鄰,合江街１８０巷２８號六樓,民國114年11月24日,門牌初編
台北市,中山區,江寧里,004鄰,合江街１８０巷２８號四樓,民國114年11月24日,門牌初編
台北市,中山區,江寧里,004鄰,合江街１８０巷３０號,民國114年11月24日,門牌初編
台北市,中山區,江寧里,004鄰,合江街１８０巷３０號七樓,民國114年11月24日,門牌初編
台北市,中山區,江寧里,004鄰,合江街１８０巷３０號九樓,民國114年11月24日,門牌初編
台北市,中山區,江寧里,004鄰,合江街１８０巷３０號二樓,民國114年11月24日,門牌初編
台北市,中山區,江寧里,004鄰,合江街１８０巷３０號八樓,民國114年11月24日,門牌初編
台北市,中山區,江寧里,004鄰,合江街１８０巷３０號十一樓,民國114年11月24日,門牌初編
台北市,中山區,江寧里,004鄰,合江街１８０巷３０號十二樓,民國114年11月24日,門牌初編
台北市,中山區,江寧里,004鄰,合江街１８０巷３０號十樓,民國114年11月24日,門牌初編
台北市,中山區,江寧里,004鄰,合江街１８０巷３０號三樓,民國114年11月24日,門牌初編
台北市,中山區,江寧里,004鄰,合江街１８０巷３０號五樓,民國114年11月24日,門牌初編
台北市,中山區,江寧里,004鄰,合江街１８０巷３０號六樓,民國114年11月24日,門牌初編
台北市,中山區,江寧里,004鄰,合江街１８０巷３０號四樓,民國114年11月24日,門牌初編
台北市,中山區,江寧里,004鄰,合江街１８０巷３２號,民國114年11月24日,門牌初編
台北市,中山區,江寧里,004鄰,合江街１８０巷３２號二樓,民國114年11月24日,門牌初編
台北市,中山區,江寧里,004鄰,合江街１８０巷３２號十一樓,民國114年11月24日,門牌初編
台北市,中山區,江寧里,004鄰,合江街１８０巷３２號十樓,民國114年11月24日,門牌初編
台北市,中山區,江寧里,004鄰,合江街１８０巷３２號三樓,民國114年11月24日,門牌初編
台北市,中山區,江寧里,004鄰,合江街１８０巷３２號五樓,民國114年11月24日,門牌初編
台北市,中山區,江寧里,004鄰,合江街１８０巷３２號六樓,民國114年11月24日,門牌初編
台北市,中山區,江寧里,004鄰,合江街１８０巷３２號四樓,民國114年11月24日,門牌初編
台北市,中山區,中山里,019鄰,新生北路二段６２巷３３號,民國114年11月20日,門牌初編
台北市,中山區,正守里,010鄰,林森北路６７巷２５號七樓,民國114年11月5日,門牌初編
台北市,中山區,正守里,010鄰,林森北路６７巷２５號九樓,民國114年11月5日,門牌初編
台北市,中山區,正守里,010鄰,林森北路６７巷２５號二樓,民國114年11月5日,門牌初編
台北市,中山區,正守里,010鄰,林森北路６７巷２５號八樓,民國114年11月5日,門牌初編
台北市,中山區,正守里,010鄰,林森北路６７巷２５號十一樓,民國114年11月5日,門牌初編
台北市,中山區,正守里,010鄰,林森北路６７巷２５號十二樓,民國114年11月5日,門牌初編
台北市,中山區,正守里,010鄰,林森北路６７巷２５號十樓,民國114年11月5日,門牌初編
台北市,中山區,正守里,010鄰,林森北路６７巷２５號三樓,民國114年11月5日,門牌初編
台北市,中山區,正守里,010鄰,林森北路６７巷２５號五樓,民國114年11月5日,門牌初編
台北市,中山區,正守里,010鄰,林森北路６７巷２５號六樓,民國114年11月5日,門牌初編
台北市,中山區,正守里,010鄰,林森北路６７巷２５號四樓,民國114年11月5日,門牌初編
台北市,中山區,正守里,010鄰,林森北路６７巷２７號七樓,民國114年11月5日,門牌初編
台北市,中山區,正守里,010鄰,林森北路６７巷２７號九樓,民國114年11月5日,門牌初編
台北市,中山區,正守里,010鄰,林森北路６７巷２７號二樓,民國114年11月5日,門牌初編
台北市,中山區,正守里,010鄰,林森北路６７巷２７號八樓,民國114年11月5日,門牌初編
台北市,中山區,正守里,010鄰,林森北路６７巷２７號十一樓,民國114年11月5日,門牌初編
台北市,中山區,正守里,010鄰,林森北路６７巷２７號十二樓,民國114年11月5日,門牌初編
台北市,中山區,正守里,010鄰,林森北路６７巷２７號十三樓,民國114年11月5日,門牌初編
台北市,中山區,正守里,010鄰,林森北路６７巷２７號十樓,民國114年11月5日,門牌初編
台北市,中山區,正守里,010鄰,林森北路６７巷２７號三樓,民國114年11月5日,門牌初編
台北市,中山區,正守里,010鄰,林森北路６７巷２７號五樓,民國114年11月5日,門牌初編
台北市,中山區,正守里,010鄰,林森北路６７巷２７號六樓,民國114年11月5日,門牌初編
台北市,中山區,正守里,010鄰,林森北路６７巷２７號四樓,民國114年11月5日,門牌初編
台北市,中山區,正守里,010鄰,林森北路６７巷２９號七樓,民國114年11月5日,門牌初編
台北市,中山區,正守里,010鄰,林森北路６７巷２９號九樓,民國114年11月5日,門牌初編
台北市,中山區,正守里,010鄰,林森北路６７巷２９號二樓,民國114年11月5日,門牌初編
台北市,中山區,正守里,010鄰,林森北路６７巷２９號八樓,民國114年11月5日,門牌初編
台北市,中山區,正守里,010鄰,林森北路６７巷２９號十一樓,民國114年11月5日,門牌初編
台北市,中山區,正守里,010鄰,林森北路６７巷２９號十二樓,民國114年11月5日,門牌初編
台北市,中山區,正守里,010鄰,林森北路６７巷２９號十三樓,民國114年11月5日,門牌初編
台北市,中山區,正守里,010鄰,林森北路６７巷２９號十樓,民國114年11月5日,門牌初編
台北市,中山區,正守里,010鄰,林森北路６７巷２９號三樓,民國114年11月5日,門牌初編
台北市,中山區,正守里,010鄰,林森北路６７巷２９號五樓,民國114年11月5日,門牌初編
台北市,中山區,正守里,010鄰,林森北路６７巷２９號六樓,民國114年11月5日,門牌初編
台北市,中山區,正守里,010鄰,林森北路６７巷２９號四樓,民國114年11月5日,門牌初編
台北市,中山區,正守里,010鄰,林森北路６７巷３１號,民國114年11月5日,門牌初編
台北市,中山區,正守里,010鄰,林森北路６７巷３１號七樓,民國114年11月5日,門牌初編
台北市,中山區,正守里,010鄰,林森北路６７巷３１號九樓,民國114年11月5日,門牌初編
台北市,中山區,正守里,010鄰,林森北路６７巷３１號二樓,民國114年11月5日,門牌初編
台北市,中山區,正守里,010鄰,林森北路６７巷３１號八樓,民國114年11月5日,門牌初編
台北市,中山區,正守里,010鄰,林森北路６７巷３１號十一樓,民國114年11月5日,門牌初編
台北市,中山區,正守里,010鄰,林森北路６７巷３１號十二樓,民國114年11月5日,門牌初編
台北市,中山區,正守里,010鄰,林森北路６７巷３１號十樓,民國114年11月5日,門牌初編
台北市,中山區,正守里,010鄰,林森北路６７巷３１號三樓,民國114年11月5日,門牌初編
台北市,中山區,正守里,010鄰,林森北路６７巷３１號五樓,民國114年11月5日,門牌初編
台北市,中山區,正守里,010鄰,林森北路６７巷３１號六樓,民國114年11月5日,門牌初編
台北市,中山區,正守里,010鄰,林森北路６７巷３１號四樓,民國114年11月5日,門牌初編
台北市,中山區,朱園里,015鄰,松江路４５巷１０號七樓,民國114年10月28日,門牌初編
台北市,中山區,朱園里,015鄰,松江路４５巷１０號九樓,民國114年10月28日,門牌初編
台北市,中山區,朱園里,015鄰,松江路４５巷１０號八樓,民國114年10月28日,門牌初編
台北市,中山區,朱園里,015鄰,松江路４５巷１０號十一樓,民國114年10月28日,門牌初編
台北市,中山區,朱園里,015鄰,松江路４５巷１０號十七樓,民國114年10月28日,門牌初編
台北市,中山區,朱園里,015鄰,松江路４５巷１０號十二樓,民國114年10月28日,門牌初編
台北市,中山區,朱園里,015鄰,松江路４５巷１０號十三樓,民國114年10月28日,門牌初編
台北市,中山區,朱園里,015鄰,松江路４５巷１０號十五樓,民國114年10月28日,門牌初編
台北市,中山區,朱園里,015鄰,松江路４５巷１０號十六樓,民國114年10月28日,門牌初編
台北市,中山區,朱園里,015鄰,松江路４５巷１０號十四樓,民國114年10月28日,門牌初編
台北市,中山區,朱園里,015鄰,松江路４５巷１０號十樓,民國114年10月28日,門牌初編
台北市,中山區,朱園里,015鄰,松江路４５巷１０號三樓,民國114年10月28日,門牌初編
台北市,中山區,朱園里,015鄰,松江路４５巷１０號五樓,民國114年10月28日,門牌初編
台北市,中山區,朱園里,015鄰,松江路４５巷１０號六樓,民國114年10月28日,門牌初編
台北市,中山區,朱園里,015鄰,松江路４５巷１０號四樓,民國114年10月28日,門牌初編
台北市,中山區,朱園里,015鄰,松江路４５巷１２號七樓,民國114年10月28日,門牌初編
台北市,中山區,朱園里,015鄰,松江路４５巷１２號九樓,民國114年10月28日,門牌初編
台北市,中山區,朱園里,015鄰,松江路４５巷１２號二樓,民國114年10月28日,門牌初編
台北市,中山區,朱園里,015鄰,松江路４５巷１２號八樓,民國114年10月28日,門牌初編
台北市,中山區,朱園里,015鄰,松江路４５巷１２號十一樓,民國114年10月28日,門牌初編
台北市,中山區,朱園里,015鄰,松江路４５巷１２號十七樓,民國114年10月28日,門牌初編
台北市,中山區,朱園里,015鄰,松江路４５巷１２號十二樓,民國114年10月28日,門牌初編
台北市,中山區,朱園里,015鄰,松江路４５巷１２號十三樓,民國114年10月28日,門牌初編
台北市,中山區,朱園里,015鄰,松江路４５巷１２號十五樓,民國114年10月28日,門牌初編
台北市,中山區,朱園里,015鄰,松江路４５巷１２號十六樓,民國114年10月28日,門牌初編
台北市,中山區,朱園里,015鄰,松江路４５巷１２號十四樓,民國114年10月28日,門牌初編
台北市,中山區,朱園里,015鄰,松江路４５巷１２號十樓,民國114年10月28日,門牌初編
台北市,中山區,朱園里,015鄰,松江路４５巷１２號三樓,民國114年10月28日,門牌初編
台北市,中山區,朱園里,015鄰,松江路４５巷１２號五樓,民國114年10月28日,門牌初編
台北市,中山區,朱園里,015鄰,松江路４５巷１２號六樓,民國114年10月28日,門牌初編
台北市,中山區,朱園里,015鄰,松江路４５巷１２號四樓,民國114年10月28日,門牌初編
台北市,中山區,朱園里,015鄰,松江路４５巷６號七樓,民國114年10月28日,門牌初編
台北市,中山區,朱園里,015鄰,松江路４５巷６號九樓,民國114年10月28日,門牌初編
台北市,中山區,朱園里,015鄰,松江路４５巷６號八樓,民國114年10月28日,門牌初編
台北市,中山區,朱園里,015鄰,松江路４５巷６號十一樓,民國114年10月28日,門牌初編
台北市,中山區,朱園里,015鄰,松江路４５巷６號十七樓,民國114年10月28日,門牌初編
台北市,中山區,朱園里,015鄰,松江路４５巷６號十二樓,民國114年10月28日,門牌初編
台北市,中山區,朱園里,015鄰,松江路４５巷６號十三樓,民國114年10月28日,門牌初編
台北市,中山區,朱園里,015鄰,松江路４５巷６號十五樓,民國114年10月28日,門牌初編
台北市,中山區,朱園里,015鄰,松江路４５巷６號十六樓,民國114年10月28日,門牌初編
台北市,中山區,朱園里,015鄰,松江路４５巷６號十四樓,民國114年10月28日,門牌初編
台北市,中山區,朱園里,015鄰,松江路４５巷６號十樓,民國114年10月28日,門牌初編
台北市,中山區,朱園里,015鄰,松江路４５巷６號三樓,民國114年10月28日,門牌初編
台北市,中山區,朱園里,015鄰,松江路４５巷６號五樓,民國114年10月28日,門牌初編
台北市,中山區,朱園里,015鄰,松江路４５巷６號六樓,民國114年10月28日,門牌初編
台北市,中山區,朱園里,015鄰,松江路４５巷６號四樓,民國114年10月28日,門牌初編
台北市,中山區,朱園里,015鄰,松江路４５巷８號七樓,民國114年10月28日,門牌初編
台北市,中山區,朱園里,015鄰,松江路４５巷８號九樓,民國114年10月28日,門牌初編
台北市,中山區,朱園里,015鄰,松江路４５巷８號二樓,民國114年10月28日,門牌初編
台北市,中山區,朱園里,015鄰,松江路４５巷８號八樓,民國114年10月28日,門牌初編
台北市,中山區,朱園里,015鄰,松江路４５巷８號十一樓,民國114年10月28日,門牌初編
台北市,中山區,朱園里,015鄰,松江路４５巷８號十七樓,民國114年10月28日,門牌初編
台北市,中山區,朱園里,015鄰,松江路４５巷８號十二樓,民國114年10月28日,門牌初編
台北市,中山區,朱園里,015鄰,松江路４５巷８號十三樓,民國114年10月28日,門牌初編
台北市,中山區,朱園里,015鄰,松江路４５巷８號十五樓,民國114年10月28日,門牌初編
台北市,中山區,朱園里,015鄰,松江路４５巷８號十六樓,民國114年10月28日,門牌初編
台北市,中山區,朱園里,015鄰,松江路４５巷８號十四樓,民國114年10月28日,門牌初編
台北市,中山區,朱園里,015鄰,松江路４５巷８號十樓,民國114年10月28日,門牌初編
台北市,中山區,朱園里,015鄰,松江路４５巷８號三樓,民國114年10月28日,門牌初編
台北市,中山區,朱園里,015鄰,松江路４５巷８號五樓,民國114年10月28日,門牌初編
台北市,中山區,朱園里,015鄰,松江路４５巷８號六樓,民國114年10月28日,門牌初編
台北市,中山區,朱園里,015鄰,松江路４５巷８號四樓,民國114年10月28日,門牌初編
台北市,中山區,正守里,001鄰,市民大道三段１１號七樓,民國114年10月27日,門牌初編
台北市,中山區,正守里,001鄰,市民大道三段１１號九樓,民國114年10月27日,門牌初編
台北市,中山區,正守里,001鄰,市民大道三段１１號二樓,民國114年10月27日,門牌初編
台北市,中山區,正守里,001鄰,市民大道三段１１號八樓,民國114年10月27日,門牌初編
台北市,中山區,正守里,001鄰,市民大道三段１１號十一樓,民國114年10月27日,門牌初編
台北市,中山區,正守里,001鄰,市民大道三段１１號十二樓,民國114年10月27日,門牌初編
台北市,中山區,正守里,001鄰,市民大道三段１１號十三樓,民國114年10月27日,門牌初編
台北市,中山區,正守里,001鄰,市民大道三段１１號十五樓,民國114年10月27日,門牌初編
台北市,中山區,正守里,001鄰,市民大道三段１１號十四樓,民國114年10月27日,門牌初編
台北市,中山區,正守里,001鄰,市民大道三段１１號十樓,民國114年10月27日,門牌初編
台北市,中山區,正守里,001鄰,市民大道三段１１號三樓,民國114年10月27日,門牌初編
台北市,中山區,正守里,001鄰,市民大道三段１１號五樓,民國114年10月27日,門牌初編
台北市,中山區,正守里,001鄰,市民大道三段１１號六樓,民國114年10月27日,門牌初編
台北市,中山區,正守里,001鄰,市民大道三段１１號四樓,民國114年10月27日,門牌初編
台北市,中山區,正守里,001鄰,市民大道三段１３號七樓,民國114年10月27日,門牌初編
台北市,中山區,正守里,001鄰,市民大道三段１３號九樓,民國114年10月27日,門牌初編
台北市,中山區,正守里,001鄰,市民大道三段１３號二樓,民國114年10月27日,門牌初編
台北市,中山區,正守里,001鄰,市民大道三段１３號八樓,民國114年10月27日,門牌初編
台北市,中山區,正守里,001鄰,市民大道三段１３號十一樓,民國114年10月27日,門牌初編
台北市,中山區,正守里,001鄰,市民大道三段１３號十二樓,民國114年10月27日,門牌初編
台北市,中山區,正守里,001鄰,市民大道三段１３號十三樓,民國114年10月27日,門牌初編
台北市,中山區,正守里,001鄰,市民大道三段１３號十五樓,民國114年10月27日,門牌初編
台北市,中山區,正守里,001鄰,市民大道三段１３號十四樓,民國114年10月27日,門牌初編
台北市,中山區,正守里,001鄰,市民大道三段１３號十樓,民國114年10月27日,門牌初編
台北市,中山區,正守里,001鄰,市民大道三段１３號三樓,民國114年10月27日,門牌初編
台北市,中山區,正守里,001鄰,市民大道三段１３號五樓,民國114年10月27日,門牌初編
台北市,中山區,正守里,001鄰,市民大道三段１３號六樓,民國114年10月27日,門牌初編
台北市,中山區,正守里,001鄰,市民大道三段１３號四樓,民國114年10月27日,門牌初編
台北市,中山區,正守里,001鄰,市民大道三段１５號七樓,民國114年10月27日,門牌初編
台北市,中山區,正守里,001鄰,市民大道三段１５號九樓,民國114年10月27日,門牌初編
台北市,中山區,正守里,001鄰,市民大道三段１５號二樓,民國114年10月27日,門牌初編
台北市,中山區,正守里,001鄰,市民大道三段１５號八樓,民國114年10月27日,門牌初編
台北市,中山區,正守里,001鄰,市民大道三段１５號十一樓,民國114年10月27日,門牌初編
台北市,中山區,正守里,001鄰,市民大道三段１５號十二樓,民國114年10月27日,門牌初編
台北市,中山區,正守里,001鄰,市民大道三段１５號十三樓,民國114年10月27日,門牌初編
台北市,中山區,正守里,001鄰,市民大道三段１５號十五樓,民國114年10月27日,門牌初編
台北市,中山區,正守里,001鄰,市民大道三段１５號十四樓,民國114年10月27日,門牌初編
台北市,中山區,正守里,001鄰,市民大道三段１５號十樓,民國114年10月27日,門牌初編
台北市,中山區,正守里,001鄰,市民大道三段１５號三樓,民國114年10月27日,門牌初編
台北市,中山區,正守里,001鄰,市民大道三段１５號五樓,民國114年10月27日,門牌初編
台北市,中山區,正守里,001鄰,市民大道三段１５號六樓,民國114年10月27日,門牌初編
台北市,中山區,正守里,001鄰,市民大道三段１５號四樓,民國114年10月27日,門牌初編
台北市,中山區,正守里,001鄰,市民大道三段１７號七樓,民國114年10月27日,門牌初編
台北市,中山區,正守里,001鄰,市民大道三段１７號九樓,民國114年10月27日,門牌初編
台北市,中山區,正守里,001鄰,市民大道三段１７號二樓,民國114年10月27日,門牌初編
台北市,中山區,正守里,001鄰,市民大道三段１７號八樓,民國114年10月27日,門牌初編
台北市,中山區,正守里,001鄰,市民大道三段１７號十一樓,民國114年10月27日,門牌初編
台北市,中山區,正守里,001鄰,市民大道三段１７號十二樓,民國114年10月27日,門牌初編
台北市,中山區,正守里,001鄰,市民大道三段１７號十三樓,民國114年10月27日,門牌初編
台北市,中山區,正守里,001鄰,市民大道三段１７號十五樓,民國114年10月27日,門牌初編
台北市,中山區,正守里,001鄰,市民大道三段１７號十四樓,民國114年10月27日,門牌初編
台北市,中山區,正守里,001鄰,市民大道三段１７號十樓,民國114年10月27日,門牌初編
台北市,中山區,正守里,001鄰,市民大道三段１７號三樓,民國114年10月27日,門牌初編
台北市,中山區,正守里,001鄰,市民大道三段１７號五樓,民國114年10月27日,門牌初編
台北市,中山區,正守里,001鄰,市民大道三段１７號六樓,民國114年10月27日,門牌初編
台北市,中山區,正守里,001鄰,市民大道三段１７號四樓,民國114年10月27日,門牌初編
台北市,中山區,正守里,001鄰,市民大道三段１９號七樓,民國114年10月27日,門牌初編
台北市,中山區,正守里,001鄰,市民大道三段１９號九樓,民國114年10月27日,門牌初編
台北市,中山區,正守里,001鄰,市民大道三段１９號二樓,民國114年10月27日,門牌初編
台北市,中山區,正守里,001鄰,市民大道三段１９號八樓,民國114年10月27日,門牌初編
台北市,中山區,正守里,001鄰,市民大道三段１９號十一樓,民國114年10月27日,門牌初編
台北市,中山區,正守里,001鄰,市民大道三段１９號十二樓,民國114年10月27日,門牌初編
台北市,中山區,正守里,001鄰,市民大道三段１９號十三樓,民國114年10月27日,門牌初編
台北市,中山區,正守里,001鄰,市民大道三段１９號十五樓,民國114年10月27日,門牌初編
台北市,中山區,正守里,001鄰,市民大道三段１９號十四樓,民國114年10月27日,門牌初編
台北市,中山區,正守里,001鄰,市民大道三段１９號十樓,民國114年10月27日,門牌初編
台北市,中山區,正守里,001鄰,市民大道三段１９號三樓,民國114年10月27日,門牌初編
台北市,中山區,正守里,001鄰,市民大道三段１９號五樓,民國114年10月27日,門牌初編
台北市,中山區,正守里,001鄰,市民大道三段１９號六樓,民國114年10月27日,門牌初編
台北市,中山區,正守里,001鄰,市民大道三段１９號四樓,民國114年10月27日,門牌初編
台北市,中山區,正守里,001鄰,市民大道三段５號,民國114年10月27日,門牌初編
台北市,中山區,正守里,001鄰,市民大道三段５號七樓,民國114年10月27日,門牌初編
台北市,中山區,正守里,001鄰,市民大道三段５號九樓,民國114年10月27日,門牌初編
台北市,中山區,正守里,001鄰,市民大道三段５號二樓,民國114年10月27日,門牌初編
台北市,中山區,正守里,001鄰,市民大道三段５號八樓,民國114年10月27日,門牌初編
台北市,中山區,正守里,001鄰,市民大道三段５號十一樓,民國114年10月27日,門牌初編
台北市,中山區,正守里,001鄰,市民大道三段５號十二樓,民國114年10月27日,門牌初編
台北市,中山區,正守里,001鄰,市民大道三段５號十三樓,民國114年10月27日,門牌初編
台北市,中山區,正守里,001鄰,市民大道三段５號十五樓,民國114年10月27日,門牌初編
台北市,中山區,正守里,001鄰,市民大道三段５號十四樓,民國114年10月27日,門牌初編
台北市,中山區,正守里,001鄰,市民大道三段５號十樓,民國114年10月27日,門牌初編
台北市,中山區,正守里,001鄰,市民大道三段５號三樓,民國114年10月27日,門牌初編
台北市,中山區,正守里,001鄰,市民大道三段５號五樓,民國114年10月27日,門牌初編
台北市,中山區,正守里,001鄰,市民大道三段５號六樓,民國114年10月27日,門牌初編
台北市,中山區,正守里,001鄰,市民大道三段５號四樓,民國114年10月27日,門牌初編
台北市,中山區,正守里,001鄰,市民大道三段７號,民國114年10月27日,門牌初編
台北市,中山區,正守里,001鄰,市民大道三段７號七樓,民國114年10月27日,門牌初編
台北市,中山區,正守里,001鄰,市民大道三段７號九樓,民國114年10月27日,門牌初編
台北市,中山區,正守里,001鄰,市民大道三段７號二樓,民國114年10月27日,門牌初編
台北市,中山區,正守里,001鄰,市民大道三段７號八樓,民國114年10月27日,門牌初編
台北市,中山區,正守里,001鄰,市民大道三段７號十一樓,民國114年10月27日,門牌初編
台北市,中山區,正守里,001鄰,市民大道三段７號十二樓,民國114年10月27日,門牌初編
台北市,中山區,正守里,001鄰,市民大道三段７號十三樓,民國114年10月27日,門牌初編
台北市,中山區,正守里,001鄰,市民大道三段７號十五樓,民國114年10月27日,門牌初編
台北市,中山區,正守里,001鄰,市民大道三段７號十四樓,民國114年10月27日,門牌初編
台北市,中山區,正守里,001鄰,市民大道三段７號十樓,民國114年10月27日,門牌初編
台北市,中山區,正守里,001鄰,市民大道三段７號三樓,民國114年10月27日,門牌初編
台北市,中山區,正守里,001鄰,市民大道三段７號五樓,民國114年10月27日,門牌初編
台北市,中山區,正守里,001鄰,市民大道三段７號六樓,民國114年10月27日,門牌初編
台北市,中山區,正守里,001鄰,市民大道三段７號四樓,民國114年10月27日,門牌初編
台北市,中山區,正守里,001鄰,市民大道三段９號,民國114年10月27日,門牌初編
台北市,中山區,正守里,001鄰,市民大道三段９號七樓,民國114年10月27日,門牌初編
台北市,中山區,正守里,001鄰,市民大道三段９號九樓,民國114年10月27日,門牌初編
台北市,中山區,正守里,001鄰,市民大道三段９號二樓,民國114年10月27日,門牌初編
台北市,中山區,正守里,001鄰,市民大道三段９號八樓,民國114年10月27日,門牌初編
台北市,中山區,正守里,001鄰,市民大道三段９號十一樓,民國114年10月27日,門牌初編
台北市,中山區,正守里,001鄰,市民大道三段９號十二樓,民國114年10月27日,門牌初編
台北市,中山區,正守里,001鄰,市民大道三段９號十三樓,民國114年10月27日,門牌初編
台北市,中山區,正守里,001鄰,市民大道三段９號十五樓,民國114年10月27日,門牌初編
台北市,中山區,正守里,001鄰,市民大道三段９號十四樓,民國114年10月27日,門牌初編
台北市,中山區,正守里,001鄰,市民大道三段９號十樓,民國114年10月27日,門牌初編
台北市,中山區,正守里,001鄰,市民大道三段９號三樓,民國114年10月27日,門牌初編
台北市,中山區,正守里,001鄰,市民大道三段９號五樓,民國114年10月27日,門牌初編
台北市,中山區,正守里,001鄰,市民大道三段９號六樓,民國114年10月27日,門牌初編
台北市,中山區,正守里,001鄰,市民大道三段９號四樓,民國114年10月27日,門牌初編
台北市,中山區,力行里,028鄰,建國北路一段８５號,民國114年10月22日,門牌初編
台北市,中山區,力行里,028鄰,建國北路一段８５號七樓,民國114年10月22日,門牌初編
台北市,中山區,力行里,028鄰,建國北路一段８５號九樓,民國114年10月22日,門牌初編
台北市,中山區,力行里,028鄰,建國北路一段８５號二十樓,民國114年10月22日,門牌初編
台北市,中山區,力行里,028鄰,建國北路一段８５號八樓,民國114年10月22日,門牌初編
台北市,中山區,力行里,028鄰,建國北路一段８５號十一樓,民國114年10月22日,門牌初編
台北市,中山區,力行里,028鄰,建國北路一段８５號十七樓,民國114年10月22日,門牌初編
台北市,中山區,力行里,028鄰,建國北路一段８５號十九樓,民國114年10月22日,門牌初編
台北市,中山區,力行里,028鄰,建國北路一段８５號十二樓,民國114年10月22日,門牌初編
台北市,中山區,力行里,028鄰,建國北路一段８５號十八樓,民國114年10月22日,門牌初編
台北市,中山區,力行里,028鄰,建國北路一段８５號十三樓,民國114年10月22日,門牌初編
台北市,中山區,力行里,028鄰,建國北路一段８５號十五樓,民國114年10月22日,門牌初編
台北市,中山區,力行里,028鄰,建國北路一段８５號十六樓,民國114年10月22日,門牌初編
台北市,中山區,力行里,028鄰,建國北路一段８５號十四樓,民國114年10月22日,門牌初編
台北市,中山區,力行里,028鄰,建國北路一段８５號十樓,民國114年10月22日,門牌初編
台北市,中山區,力行里,028鄰,建國北路一段８５號五樓,民國114年10月22日,門牌初編
台北市,中山區,力行里,028鄰,建國北路一段８５號六樓,民國114年10月22日,門牌初編
台北市,中山區,力行里,028鄰,建國北路一段８５號四樓,民國114年10月22日,門牌初編
台北市,中山區,力行里,028鄰,建國北路一段８７號,民國114年10月22日,門牌初編
台北市,中山區,力行里,028鄰,建國北路一段８７號七樓,民國114年10月22日,門牌初編
台北市,中山區,力行里,028鄰,建國北路一段８７號九樓,民國114年10月22日,門牌初編
台北市,中山區,力行里,028鄰,建國北路一段８７號二十樓,民國114年10月22日,門牌初編
台北市,中山區,力行里,028鄰,建國北路一段８７號八樓,民國114年10月22日,門牌初編
台北市,中山區,力行里,028鄰,建國北路一段８７號十一樓,民國114年10月22日,門牌初編
台北市,中山區,力行里,028鄰,建國北路一段８７號十七樓,民國114年10月22日,門牌初編
台北市,中山區,力行里,028鄰,建國北路一段８７號十九樓,民國114年10月22日,門牌初編
台北市,中山區,力行里,028鄰,建國北路一段８７號十二樓,民國114年10月22日,門牌初編
台北市,中山區,力行里,028鄰,建國北路一段８７號十八樓,民國114年10月22日,門牌初編
台北市,中山區,力行里,028鄰,建國北路一段８７號十三樓,民國114年10月22日,門牌初編
台北市,中山區,力行里,028鄰,建國北路一段８７號十五樓,民國114年10月22日,門牌初編
台北市,中山區,力行里,028鄰,建國北路一段８７號十六樓,民國114年10月22日,門牌初編
台北市,中山區,力行里,028鄰,建國北路一段８７號十四樓,民國114年10月22日,門牌初編
台北市,中山區,力行里,028鄰,建國北路一段８７號十樓,民國114年10月22日,門牌初編
台北市,中山區,力行里,028鄰,建國北路一段８７號五樓,民國114年10月22日,門牌初編
台北市,中山區,力行里,028鄰,建國北路一段８７號六樓,民國114年10月22日,門牌初編
台北市,中山區,力行里,028鄰,建國北路一段８７號四樓,民國114年10月22日,門牌初編
台北市,中山區,力行里,028鄰,建國北路一段８９號,民國114年10月22日,門牌初編
台北市,中山區,力行里,028鄰,建國北路一段８９號七樓,民國114年10月22日,門牌初編
台北市,中山區,力行里,028鄰,建國北路一段８９號九樓,民國114年10月22日,門牌初編
台北市,中山區,力行里,028鄰,建國北路一段８９號二十樓,民國114年10月22日,門牌初編
台北市,中山區,力行里,028鄰,建國北路一段８９號二樓,民國114年10月22日,門牌初編
台北市,中山區,力行里,028鄰,建國北路一段８９號八樓,民國114年10月22日,門牌初編
台北市,中山區,力行里,028鄰,建國北路一段８９號十一樓,民國114年10月22日,門牌初編
台北市,中山區,力行里,028鄰,建國北路一段８９號十七樓,民國114年10月22日,門牌初編
台北市,中山區,力行里,028鄰,建國北路一段８９號十九樓,民國114年10月22日,門牌初編
台北市,中山區,力行里,028鄰,建國北路一段８９號十二樓,民國114年10月22日,門牌初編
台北市,中山區,力行里,028鄰,建國北路一段８９號十八樓,民國114年10月22日,門牌初編
台北市,中山區,力行里,028鄰,建國北路一段８９號十三樓,民國114年10月22日,門牌初編
台北市,中山區,力行里,028鄰,建國北路一段８９號十五樓,民國114年10月22日,門牌初編
台北市,中山區,力行里,028鄰,建國北路一段８９號十六樓,民國114年10月22日,門牌初編
台北市,中山區,力行里,028鄰,建國北路一段８９號十四樓,民國114年10月22日,門牌初編
台北市,中山區,力行里,028鄰,建國北路一段８９號十樓,民國114年10月22日,門牌初編
台北市,中山區,力行里,028鄰,建國北路一段８９號三樓,民國114年10月22日,門牌初編
台北市,中山區,力行里,028鄰,建國北路一段８９號五樓,民國114年10月22日,門牌初編
台北市,中山區,力行里,028鄰,建國北路一段８９號六樓,民國114年10月22日,門牌初編
台北市,中山區,力行里,028鄰,建國北路一段８９號四樓,民國114年10月22日,門牌初編
台北市,中山區,正義里,017鄰,南京東路一段１４０號,民國114年10月8日,門牌初編
台北市,中山區,正義里,017鄰,南京東路一段１４０號七樓,民國114年10月8日,門牌初編
台北市,中山區,正義里,017鄰,南京東路一段１４０號二樓,民國114年10月8日,門牌初編
台北市,中山區,正義里,017鄰,南京東路一段１４０號三樓,民國114年10月8日,門牌初編
台北市,中山區,正義里,017鄰,南京東路一段１４０號五樓,民國114年10月8日,門牌初編
台北市,中山區,正義里,017鄰,南京東路一段１４０號六樓,民國114年10月8日,門牌初編
台北市,中山區,正義里,017鄰,南京東路一段１４０號四樓,民國114年10月8日,門牌初編
台北市,中山區,中吉里,004鄰,吉林路５１巷１６號,民國114年10月3日,門牌初編
台北市,中山區,中吉里,004鄰,吉林路５１巷１６號七樓,民國114年10月3日,門牌初編
台北市,中山區,中吉里,004鄰,吉林路５１巷１６號九樓,民國114年10月3日,門牌初編
台北市,中山區,中吉里,004鄰,吉林路５１巷１６號二樓,民國114年10月3日,門牌初編
台北市,中山區,中吉里,004鄰,吉林路５１巷１６號八樓,民國114年10月3日,門牌初編
台北市,中山區,中吉里,004鄰,吉林路５１巷１６號十樓,民國114年10月3日,門牌初編
台北市,中山區,中吉里,004鄰,吉林路５１巷１６號三樓,民國114年10月3日,門牌初編
台北市,中山區,中吉里,004鄰,吉林路５１巷１６號五樓,民國114年10月3日,門牌初編
台北市,中山區,中吉里,004鄰,吉林路５１巷１６號六樓,民國114年10月3日,門牌初編
台北市,中山區,中吉里,004鄰,吉林路５１巷１６號四樓,民國114年10月3日,門牌初編
台北市,中山區,中吉里,004鄰,吉林路５１巷１８號九樓,民國114年10月3日,門牌初編
台北市,中山區,中吉里,004鄰,吉林路５１巷１８號二樓,民國114年10月3日,門牌初編
台北市,中山區,中吉里,004鄰,吉林路５１巷１８號八樓,民國114年10月3日,門牌初編
台北市,中山區,中吉里,004鄰,吉林路５１巷１８號十樓,民國114年10月3日,門牌初編
台北市,中山區,中吉里,004鄰,吉林路５１巷１８號三樓,民國114年10月3日,門牌初編
台北市,中山區,中吉里,004鄰,吉林路５１巷１８號六樓,民國114年10月3日,門牌初編
台北市,中山區,中吉里,004鄰,吉林路５１巷１８號四樓,民國114年10月3日,門牌初編
台北市,中山區,中央里,002鄰,松江路１５５號,民國114年9月23日,門牌初編
台北市,中山區,中央里,002鄰,松江路１５５號七樓,民國114年9月23日,門牌初編
台北市,中山區,中央里,002鄰,松江路１５５號九樓,民國114年9月23日,門牌初編
台北市,中山區,中央里,002鄰,松江路１５５號二十一樓,民國114年9月23日,門牌初編
台北市,中山區,中央里,002鄰,松江路１５５號二十樓,民國114年9月23日,門牌初編
台北市,中山區,中央里,002鄰,松江路１５５號二樓,民國114年9月23日,門牌初編
台北市,中山區,中央里,002鄰,松江路１５５號八樓,民國114年9月23日,門牌初編
台北市,中山區,中央里,002鄰,松江路１５５號十一樓,民國114年9月23日,門牌初編
台北市,中山區,中央里,002鄰,松江路１５５號十七樓,民國114年9月23日,門牌初編
台北市,中山區,中央里,002鄰,松江路１５５號十九樓,民國114年9月23日,門牌初編
台北市,中山區,中央里,002鄰,松江路１５５號十二樓,民國114年9月23日,門牌初編
台北市,中山區,中央里,002鄰,松江路１５５號十八樓,民國114年9月23日,門牌初編
台北市,中山區,中央里,002鄰,松江路１５５號十三樓,民國114年9月23日,門牌初編
台北市,中山區,中央里,002鄰,松江路１５５號十五樓,民國114年9月23日,門牌初編
台北市,中山區,中央里,002鄰,松江路１５５號十六樓,民國114年9月23日,門牌初編
台北市,中山區,中央里,002鄰,松江路１５５號十四樓,民國114年9月23日,門牌初編
台北市,中山區,中央里,002鄰,松江路１５５號十樓,民國114年9月23日,門牌初編
台北市,中山區,中央里,002鄰,松江路１５５號三樓,民國114年9月23日,門牌初編
台北市,中山區,中央里,002鄰,松江路１５５號五樓,民國114年9月23日,門牌初編
台北市,中山區,中央里,002鄰,松江路１５５號六樓,民國114年9月23日,門牌初編
台北市,中山區,中央里,002鄰,松江路１５５號四樓,民國114年9月23日,門牌初編
台北市,中山區,中央里,002鄰,松江路１５７號七樓,民國114年9月23日,門牌初編
台北市,中山區,中央里,002鄰,松江路１５７號九樓,民國114年9月23日,門牌初編
台北市,中山區,中央里,002鄰,松江路１５７號二十樓,民國114年9月23日,門牌初編
台北市,中山區,中央里,002鄰,松江路１５７號二樓,民國114年9月23日,門牌初編
台北市,中山區,中央里,002鄰,松江路１５７號八樓,民國114年9月23日,門牌初編
台北市,中山區,中央里,002鄰,松江路１５７號十一樓,民國114年9月23日,門牌初編
台北市,中山區,中央里,002鄰,松江路１５７號十七樓,民國114年9月23日,門牌初編
台北市,中山區,中央里,002鄰,松江路１５７號十九樓,民國114年9月23日,門牌初編
台北市,中山區,中央里,002鄰,松江路１５７號十二樓,民國114年9月23日,門牌初編
台北市,中山區,中央里,002鄰,松江路１５７號十八樓,民國114年9月23日,門牌初編
台北市,中山區,中央里,002鄰,松江路１５７號十三樓,民國114年9月23日,門牌初編
台北市,中山區,中央里,002鄰,松江路１５７號十五樓,民國114年9月23日,門牌初編
台北市,中山區,中央里,002鄰,松江路１５７號十六樓,民國114年9月23日,門牌初編
台北市,中山區,中央里,002鄰,松江路１５７號十四樓,民國114年9月23日,門牌初編
台北市,中山區,中央里,002鄰,松江路１５７號十樓,民國114年9月23日,門牌初編
台北市,中山區,中央里,002鄰,松江路１５７號三樓,民國114年9月23日,門牌初編
台北市,中山區,中央里,002鄰,松江路１５７號五樓,民國114年9月23日,門牌初編
台北市,中山區,中央里,002鄰,松江路１５７號六樓,民國114年9月23日,門牌初編
台北市,中山區,中央里,002鄰,松江路１５７號四樓,民國114年9月23日,門牌初編
台北市,中山區,聚盛里,014鄰,新生北路二段１０２之１號,民國114年9月23日,門牌初編
台北市,中山區,聚盛里,014鄰,新生北路二段１０２之２號,民國114年9月23日,門牌初編
台北市,中山區,聚盛里,014鄰,新生北路二段１０２之３號,民國114年9月23日,門牌初編
台北市,中山區,聚盛里,014鄰,新生北路二段１０２號,民國114年9月23日,門牌初編
台北市,中山區,聚盛里,014鄰,新生北路二段１０２號七樓,民國114年9月23日,門牌初編
台北市,中山區,聚盛里,014鄰,新生北路二段１０２號七樓之１,民國114年9月23日,門牌初編
台北市,中山區,聚盛里,014鄰,新生北路二段１０２號七樓之１０,民國114年9月23日,門牌初編
台北市,中山區,聚盛里,014鄰,新生北路二段１０２號七樓之２,民國114年9月23日,門牌初編
台北市,中山區,聚盛里,014鄰,新生北路二段１０２號七樓之３,民國114年9月23日,門牌初編
台北市,中山區,聚盛里,014鄰,新生北路二段１０２號七樓之５,民國114年9月23日,門牌初編
台北市,中山區,聚盛里,014鄰,新生北路二段１０２號七樓之６,民國114年9月23日,門牌初編
台北市,中山區,聚盛里,014鄰,新生北路二段１０２號七樓之７,民國114年9月23日,門牌初編
台北市,中山區,聚盛里,014鄰,新生北路二段１０２號七樓之８,民國114年9月23日,門牌初編
台北市,中山區,聚盛里,014鄰,新生北路二段１０２號七樓之９,民國114年9月23日,門牌初編
台北市,中山區,聚盛里,014鄰,新生北路二段１０２號九樓,民國114年9月23日,門牌初編
台北市,中山區,聚盛里,014鄰,新生北路二段１０２號九樓之１,民國114年9月23日,門牌初編
台北市,中山區,聚盛里,014鄰,新生北路二段１０２號九樓之１０,民國114年9月23日,門牌初編
台北市,中山區,聚盛里,014鄰,新生北路二段１０２號九樓之２,民國114年9月23日,門牌初編
台北市,中山區,聚盛里,014鄰,新生北路二段１０２號九樓之３,民國114年9月23日,門牌初編
台北市,中山區,聚盛里,014鄰,新生北路二段１０２號九樓之５,民國114年9月23日,門牌初編
台北市,中山區,聚盛里,014鄰,新生北路二段１０２號九樓之６,民國114年9月23日,門牌初編
台北市,中山區,聚盛里,014鄰,新生北路二段１０２號九樓之７,民國114年9月23日,門牌初編
台北市,中山區,聚盛里,014鄰,新生北路二段１０２號九樓之８,民國114年9月23日,門牌初編
台北市,中山區,聚盛里,014鄰,新生北路二段１０２號九樓之９,民國114年9月23日,門牌初編
台北市,中山區,聚盛里,014鄰,新生北路二段１０２號二十樓,民國114年9月23日,門牌初編
台北市,中山區,聚盛里,014鄰,新生北路二段１０２號二十樓之１,民國114年9月23日,門牌初編
台北市,中山區,聚盛里,014鄰,新生北路二段１０２號二十樓之１０,民國114年9月23日,門牌初編
台北市,中山區,聚盛里,014鄰,新生北路二段１０２號二十樓之１１,民國114年9月23日,門牌初編
台北市,中山區,聚盛里,014鄰,新生北路二段１０２號二十樓之２,民國114年9月23日,門牌初編
台北市,中山區,聚盛里,014鄰,新生北路二段１０２號二十樓之３,民國114年9月23日,門牌初編
台北市,中山區,聚盛里,014鄰,新生北路二段１０２號二十樓之５,民國114年9月23日,門牌初編
台北市,中山區,聚盛里,014鄰,新生北路二段１０２號二十樓之６,民國114年9月23日,門牌初編
台北市,中山區,聚盛里,014鄰,新生北路二段１０２號二十樓之７,民國114年9月23日,門牌初編
台北市,中山區,聚盛里,014鄰,新生北路二段１０２號二十樓之８,民國114年9月23日,門牌初編
台北市,中山區,聚盛里,014鄰,新生北路二段１０２號二十樓之９,民國114年9月23日,門牌初編
台北市,中山區,聚盛里,014鄰,新生北路二段１０２號二樓,民國114年9月23日,門牌初編
台北市,中山區,聚盛里,014鄰,新生北路二段１０２號八樓,民國114年9月23日,門牌初編
台北市,中山區,聚盛里,014鄰,新生北路二段１０２號八樓之１,民國114年9月23日,門牌初編
台北市,中山區,聚盛里,014鄰,新生北路二段１０２號八樓之１０,民國114年9月23日,門牌初編
台北市,中山區,聚盛里,014鄰,新生北路二段１０２號八樓之２,民國114年9月23日,門牌初編
台北市,中山區,聚盛里,014鄰,新生北路二段１０２號八樓之３,民國114年9月23日,門牌初編
台北市,中山區,聚盛里,014鄰,新生北路二段１０２號八樓之５,民國114年9月23日,門牌初編
台北市,中山區,聚盛里,014鄰,新生北路二段１０２號八樓之６,民國114年9月23日,門牌初編
台北市,中山區,聚盛里,014鄰,新生北路二段１０２號八樓之７,民國114年9月23日,門牌初編
台北市,中山區,聚盛里,014鄰,新生北路二段１０２號八樓之８,民國114年9月23日,門牌初編
台北市,中山區,聚盛里,014鄰,新生北路二段１０２號八樓之９,民國114年9月23日,門牌初編
台北市,中山區,聚盛里,014鄰,新生北路二段１０２號十一樓,民國114年9月23日,門牌初編
台北市,中山區,聚盛里,014鄰,新生北路二段１０２號十一樓之１,民國114年9月23日,門牌初編
台北市,中山區,聚盛里,014鄰,新生北路二段１０２號十一樓之１０,民國114年9月23日,門牌初編
台北市,中山區,聚盛里,014鄰,新生北路二段１０２號十一樓之２,民國114年9月23日,門牌初編
台北市,中山區,聚盛里,014鄰,新生北路二段１０２號十一樓之３,民國114年9月23日,門牌初編
台北市,中山區,聚盛里,014鄰,新生北路二段１０２號十一樓之５,民國114年9月23日,門牌初編
台北市,中山區,聚盛里,014鄰,新生北路二段１０２號十一樓之６,民國114年9月23日,門牌初編
台北市,中山區,聚盛里,014鄰,新生北路二段１０２號十一樓之７,民國114年9月23日,門牌初編
台北市,中山區,聚盛里,014鄰,新生北路二段１０２號十一樓之８,民國114年9月23日,門牌初編
台北市,中山區,聚盛里,014鄰,新生北路二段１０２號十一樓之９,民國114年9月23日,門牌初編
台北市,中山區,聚盛里,014鄰,新生北路二段１０２號十七樓,民國114年9月23日,門牌初編
台北市,中山區,聚盛里,014鄰,新生北路二段１０２號十七樓之１,民國114年9月23日,門牌初編
台北市,中山區,聚盛里,014鄰,新生北路二段１０２號十七樓之１０,民國114年9月23日,門牌初編
台北市,中山區,聚盛里,014鄰,新生北路二段１０２號十七樓之１１,民國114年9月23日,門牌初編
台北市,中山區,聚盛里,014鄰,新生北路二段１０２號十七樓之２,民國114年9月23日,門牌初編
台北市,中山區,聚盛里,014鄰,新生北路二段１０２號十七樓之３,民國114年9月23日,門牌初編
台北市,中山區,聚盛里,014鄰,新生北路二段１０２號十七樓之５,民國114年9月23日,門牌初編
台北市,中山區,聚盛里,014鄰,新生北路二段１０２號十七樓之６,民國114年9月23日,門牌初編
台北市,中山區,聚盛里,014鄰,新生北路二段１０２號十七樓之７,民國114年9月23日,門牌初編
台北市,中山區,聚盛里,014鄰,新生北路二段１０２號十七樓之８,民國114年9月23日,門牌初編
台北市,中山區,聚盛里,014鄰,新生北路二段１０２號十七樓之９,民國114年9月23日,門牌初編
台北市,中山區,聚盛里,014鄰,新生北路二段１０２號十九樓,民國114年9月23日,門牌初編
台北市,中山區,聚盛里,014鄰,新生北路二段１０２號十九樓之１,民國114年9月23日,門牌初編
台北市,中山區,聚盛里,014鄰,新生北路二段１０２號十九樓之１０,民國114年9月23日,門牌初編
台北市,中山區,聚盛里,014鄰,新生北路二段１０２號十九樓之１１,民國114年9月23日,門牌初編
台北市,中山區,聚盛里,014鄰,新生北路二段１０２號十九樓之２,民國114年9月23日,門牌初編
台北市,中山區,聚盛里,014鄰,新生北路二段１０２號十九樓之３,民國114年9月23日,門牌初編
台北市,中山區,聚盛里,014鄰,新生北路二段１０２號十九樓之５,民國114年9月23日,門牌初編
台北市,中山區,聚盛里,014鄰,新生北路二段１０２號十九樓之６,民國114年9月23日,門牌初編
台北市,中山區,聚盛里,014鄰,新生北路二段１０２號十九樓之７,民國114年9月23日,門牌初編
台北市,中山區,聚盛里,014鄰,新生北路二段１０２號十九樓之８,民國114年9月23日,門牌初編
台北市,中山區,聚盛里,014鄰,新生北路二段１０２號十九樓之９,民國114年9月23日,門牌初編
台北市,中山區,聚盛里,014鄰,新生北路二段１０２號十二樓,民國114年9月23日,門牌初編
台北市,中山區,聚盛里,014鄰,新生北路二段１０２號十二樓之１,民國114年9月23日,門牌初編
台北市,中山區,聚盛里,014鄰,新生北路二段１０２號十二樓之１０,民國114年9月23日,門牌初編
台北市,中山區,聚盛里,014鄰,新生北路二段１０２號十二樓之２,民國114年9月23日,門牌初編
台北市,中山區,聚盛里,014鄰,新生北路二段１０２號十二樓之３,民國114年9月23日,門牌初編
台北市,中山區,聚盛里,014鄰,新生北路二段１０２號十二樓之５,民國114年9月23日,門牌初編
台北市,中山區,聚盛里,014鄰,新生北路二段１０２號十二樓之６,民國114年9月23日,門牌初編
台北市,中山區,聚盛里,014鄰,新生北路二段１０２號十二樓之７,民國114年9月23日,門牌初編
台北市,中山區,聚盛里,014鄰,新生北路二段１０２號十二樓之８,民國114年9月23日,門牌初編
台北市,中山區,聚盛里,014鄰,新生北路二段１０２號十二樓之９,民國114年9月23日,門牌初編
台北市,中山區,聚盛里,014鄰,新生北路二段１０２號十八樓,民國114年9月23日,門牌初編
台北市,中山區,聚盛里,014鄰,新生北路二段１０２號十八樓之１,民國114年9月23日,門牌初編
台北市,中山區,聚盛里,014鄰,新生北路二段１０２號十八樓之１０,民國114年9月23日,門牌初編
台北市,中山區,聚盛里,014鄰,新生北路二段１０２號十八樓之１１,民國114年9月23日,門牌初編
台北市,中山區,聚盛里,014鄰,新生北路二段１０２號十八樓之２,民國114年9月23日,門牌初編
台北市,中山區,聚盛里,014鄰,新生北路二段１０２號十八樓之３,民國114年9月23日,門牌初編
台北市,中山區,聚盛里,014鄰,新生北路二段１０２號十八樓之５,民國114年9月23日,門牌初編
台北市,中山區,聚盛里,014鄰,新生北路二段１０２號十八樓之６,民國114年9月23日,門牌初編
台北市,中山區,聚盛里,014鄰,新生北路二段１０２號十八樓之７,民國114年9月23日,門牌初編
台北市,中山區,聚盛里,014鄰,新生北路二段１０２號十八樓之８,民國114年9月23日,門牌初編
台北市,中山區,聚盛里,014鄰,新生北路二段１０２號十八樓之９,民國114年9月23日,門牌初編
台北市,中山區,聚盛里,014鄰,新生北路二段１０２號十三樓,民國114年9月23日,門牌初編
台北市,中山區,聚盛里,014鄰,新生北路二段１０２號十三樓之１,民國114年9月23日,門牌初編
台北市,中山區,聚盛里,014鄰,新生北路二段１０２號十三樓之１０,民國114年9月23日,門牌初編
台北市,中山區,聚盛里,014鄰,新生北路二段１０２號十三樓之２,民國114年9月23日,門牌初編
台北市,中山區,聚盛里,014鄰,新生北路二段１０２號十三樓之３,民國114年9月23日,門牌初編
台北市,中山區,聚盛里,014鄰,新生北路二段１０２號十三樓之５,民國114年9月23日,門牌初編
台北市,中山區,聚盛里,014鄰,新生北路二段１０２號十三樓之６,民國114年9月23日,門牌初編
台北市,中山區,聚盛里,014鄰,新生北路二段１０２號十三樓之７,民國114年9月23日,門牌初編
台北市,中山區,聚盛里,014鄰,新生北路二段１０２號十三樓之８,民國114年9月23日,門牌初編
台北市,中山區,聚盛里,014鄰,新生北路二段１０２號十三樓之９,民國114年9月23日,門牌初編
台北市,中山區,聚盛里,014鄰,新生北路二段１０２號十五樓,民國114年9月23日,門牌初編
台北市,中山區,聚盛里,014鄰,新生北路二段１０２號十五樓之１,民國114年9月23日,門牌初編
台北市,中山區,聚盛里,014鄰,新生北路二段１０２號十五樓之１０,民國114年9月23日,門牌初編
台北市,中山區,聚盛里,014鄰,新生北路二段１０２號十五樓之２,民國114年9月23日,門牌初編
台北市,中山區,聚盛里,014鄰,新生北路二段１０２號十五樓之３,民國114年9月23日,門牌初編
台北市,中山區,聚盛里,014鄰,新生北路二段１０２號十五樓之５,民國114年9月23日,門牌初編
台北市,中山區,聚盛里,014鄰,新生北路二段１０２號十五樓之６,民國114年9月23日,門牌初編
台北市,中山區,聚盛里,014鄰,新生北路二段１０２號十五樓之７,民國114年9月23日,門牌初編
台北市,中山區,聚盛里,014鄰,新生北路二段１０２號十五樓之８,民國114年9月23日,門牌初編
台北市,中山區,聚盛里,014鄰,新生北路二段１０２號十五樓之９,民國114年9月23日,門牌初編
台北市,中山區,聚盛里,014鄰,新生北路二段１０２號十六樓,民國114年9月23日,門牌初編
台北市,中山區,聚盛里,014鄰,新生北路二段１０２號十六樓之１,民國114年9月23日,門牌初編
台北市,中山區,聚盛里,014鄰,新生北路二段１０２號十六樓之１０,民國114年9月23日,門牌初編
台北市,中山區,聚盛里,014鄰,新生北路二段１０２號十六樓之２,民國114年9月23日,門牌初編
台北市,中山區,聚盛里,014鄰,新生北路二段１０２號十六樓之３,民國114年9月23日,門牌初編
台北市,中山區,聚盛里,014鄰,新生北路二段１０２號十六樓之５,民國114年9月23日,門牌初編
台北市,中山區,聚盛里,014鄰,新生北路二段１０２號十六樓之６,民國114年9月23日,門牌初編
台北市,中山區,聚盛里,014鄰,新生北路二段１０２號十六樓之７,民國114年9月23日,門牌初編
台北市,中山區,聚盛里,014鄰,新生北路二段１０２號十六樓之８,民國114年9月23日,門牌初編
台北市,中山區,聚盛里,014鄰,新生北路二段１０２號十六樓之９,民國114年9月23日,門牌初編
台北市,中山區,聚盛里,014鄰,新生北路二段１０２號十四樓,民國114年9月23日,門牌初編
台北市,中山區,聚盛里,014鄰,新生北路二段１０２號十四樓之１,民國114年9月23日,門牌初編
台北市,中山區,聚盛里,014鄰,新生北路二段１０２號十四樓之２,民國114年9月23日,門牌初編
台北市,中山區,聚盛里,014鄰,新生北路二段１０２號十四樓之３,民國114年9月23日,門牌初編
台北市,中山區,聚盛里,014鄰,新生北路二段１０２號十四樓之５,民國114年9月23日,門牌初編
台北市,中山區,聚盛里,014鄰,新生北路二段１０２號十四樓之６,民國114年9月23日,門牌初編
台北市,中山區,聚盛里,014鄰,新生北路二段１０２號十四樓之７,民國114年9月23日,門牌初編
台北市,中山區,聚盛里,014鄰,新生北路二段１０２號十四樓之８,民國114年9月23日,門牌初編
台北市,中山區,聚盛里,014鄰,新生北路二段１０２號十四樓之９,民國114年9月23日,門牌初編
台北市,中山區,聚盛里,014鄰,新生北路二段１０２號十樓,民國114年9月23日,門牌初編
台北市,中山區,聚盛里,014鄰,新生北路二段１０２號十樓之１,民國114年9月23日,門牌初編
台北市,中山區,聚盛里,014鄰,新生北路二段１０２號十樓之１０,民國114年9月23日,門牌初編
台北市,中山區,聚盛里,014鄰,新生北路二段１０２號十樓之２,民國114年9月23日,門牌初編
台北市,中山區,聚盛里,014鄰,新生北路二段１０２號十樓之３,民國114年9月23日,門牌初編
台北市,中山區,聚盛里,014鄰,新生北路二段１０２號十樓之５,民國114年9月23日,門牌初編
台北市,中山區,聚盛里,014鄰,新生北路二段１０２號十樓之６,民國114年9月23日,門牌初編
台北市,中山區,聚盛里,014鄰,新生北路二段１０２號十樓之７,民國114年9月23日,門牌初編
台北市,中山區,聚盛里,014鄰,新生北路二段１０２號十樓之８,民國114年9月23日,門牌初編
台北市,中山區,聚盛里,014鄰,新生北路二段１０２號十樓之９,民國114年9月23日,門牌初編
台北市,中山區,聚盛里,014鄰,新生北路二段１０２號五樓,民國114年9月23日,門牌初編
台北市,中山區,聚盛里,014鄰,新生北路二段１０２號五樓之１,民國114年9月23日,門牌初編
台北市,中山區,聚盛里,014鄰,新生北路二段１０２號五樓之１０,民國114年9月23日,門牌初編
台北市,中山區,聚盛里,014鄰,新生北路二段１０２號五樓之１１,民國114年9月23日,門牌初編
台北市,中山區,聚盛里,014鄰,新生北路二段１０２號五樓之１２,民國114年9月23日,門牌初編
台北市,中山區,聚盛里,014鄰,新生北路二段１０２號五樓之２,民國114年9月23日,門牌初編
台北市,中山區,聚盛里,014鄰,新生北路二段１０２號五樓之３,民國114年9月23日,門牌初編
台北市,中山區,聚盛里,014鄰,新生北路二段１０２號五樓之５,民國114年9月23日,門牌初編
台北市,中山區,聚盛里,014鄰,新生北路二段１０２號五樓之６,民國114年9月23日,門牌初編
台北市,中山區,聚盛里,014鄰,新生北路二段１０２號五樓之７,民國114年9月23日,門牌初編
台北市,中山區,聚盛里,014鄰,新生北路二段１０２號五樓之８,民國114年9月23日,門牌初編
台北市,中山區,聚盛里,014鄰,新生北路二段１０２號五樓之９,民國114年9月23日,門牌初編
台北市,中山區,聚盛里,014鄰,新生北路二段１０２號六樓,民國114年9月23日,門牌初編
台北市,中山區,聚盛里,014鄰,新生北路二段１０２號六樓之１,民國114年9月23日,門牌初編
台北市,中山區,聚盛里,014鄰,新生北路二段１０２號六樓之１０,民國114年9月23日,門牌初編
台北市,中山區,聚盛里,014鄰,新生北路二段１０２號六樓之１１,民國114年9月23日,門牌初編
台北市,中山區,聚盛里,014鄰,新生北路二段１０２號六樓之１２,民國114年9月23日,門牌初編
台北市,中山區,聚盛里,014鄰,新生北路二段１０２號六樓之２,民國114年9月23日,門牌初編
台北市,中山區,聚盛里,014鄰,新生北路二段１０２號六樓之３,民國114年9月23日,門牌初編
台北市,中山區,聚盛里,014鄰,新生北路二段１０２號六樓之５,民國114年9月23日,門牌初編
台北市,中山區,聚盛里,014鄰,新生北路二段１０２號六樓之６,民國114年9月23日,門牌初編
台北市,中山區,聚盛里,014鄰,新生北路二段１０２號六樓之７,民國114年9月23日,門牌初編
台北市,中山區,聚盛里,014鄰,新生北路二段１０２號六樓之８,民國114年9月23日,門牌初編
台北市,中山區,聚盛里,014鄰,新生北路二段１０２號六樓之９,民國114年9月23日,門牌初編
台北市,中山區,聚盛里,014鄰,新生北路二段１０２號四樓,民國114年9月23日,門牌初編
台北市,中山區,聚盛里,014鄰,新生北路二段１０２號四樓之１,民國114年9月23日,門牌初編
台北市,中山區,聚盛里,014鄰,新生北路二段１０２號四樓之１０,民國114年9月23日,門牌初編
台北市,中山區,聚盛里,014鄰,新生北路二段１０２號四樓之１１,民國114年9月23日,門牌初編
台北市,中山區,聚盛里,014鄰,新生北路二段１０２號四樓之１２,民國114年9月23日,門牌初編
台北市,中山區,聚盛里,014鄰,新生北路二段１０２號四樓之２,民國114年9月23日,門牌初編
台北市,中山區,聚盛里,014鄰,新生北路二段１０２號四樓之３,民國114年9月23日,門牌初編
台北市,中山區,聚盛里,014鄰,新生北路二段１０２號四樓之５,民國114年9月23日,門牌初編
台北市,中山區,聚盛里,014鄰,新生北路二段１０２號四樓之６,民國114年9月23日,門牌初編
台北市,中山區,聚盛里,014鄰,新生北路二段１０２號四樓之７,民國114年9月23日,門牌初編
台北市,中山區,聚盛里,014鄰,新生北路二段１０２號四樓之８,民國114年9月23日,門牌初編
台北市,中山區,聚盛里,014鄰,新生北路二段１０２號四樓之９,民國114年9月23日,門牌初編
台北市,中山區,聚盛里,014鄰,新生北路二段９８之１號,民國114年9月23日,門牌初編
台北市,中山區,聚盛里,014鄰,新生北路二段９８之２號,民國114年9月23日,門牌初編
台北市,中山區,聚盛里,014鄰,新生北路二段９８之３號,民國114年9月23日,門牌初編
台北市,中山區,聚盛里,014鄰,新生北路二段９８號,民國114年9月23日,門牌初編
台北市,中山區,聚盛里,014鄰,新生北路二段９８號七樓,民國114年9月23日,門牌初編
台北市,中山區,聚盛里,014鄰,新生北路二段９８號七樓之１,民國114年9月23日,門牌初編
台北市,中山區,聚盛里,014鄰,新生北路二段９８號七樓之１０,民國114年9月23日,門牌初編
台北市,中山區,聚盛里,014鄰,新生北路二段９８號七樓之１１,民國114年9月23日,門牌初編
台北市,中山區,聚盛里,014鄰,新生北路二段９８號七樓之２,民國114年9月23日,門牌初編
台北市,中山區,聚盛里,014鄰,新生北路二段９８號七樓之３,民國114年9月23日,門牌初編
台北市,中山區,聚盛里,014鄰,新生北路二段９８號七樓之５,民國114年9月23日,門牌初編
台北市,中山區,聚盛里,014鄰,新生北路二段９８號七樓之６,民國114年9月23日,門牌初編
台北市,中山區,聚盛里,014鄰,新生北路二段９８號七樓之７,民國114年9月23日,門牌初編
台北市,中山區,聚盛里,014鄰,新生北路二段９８號七樓之８,民國114年9月23日,門牌初編
台北市,中山區,聚盛里,014鄰,新生北路二段９８號七樓之９,民國114年9月23日,門牌初編
台北市,中山區,聚盛里,014鄰,新生北路二段９８號九樓,民國114年9月23日,門牌初編
台北市,中山區,聚盛里,014鄰,新生北路二段９８號九樓之１,民國114年9月23日,門牌初編
台北市,中山區,聚盛里,014鄰,新生北路二段９８號九樓之１０,民國114年9月23日,門牌初編
台北市,中山區,聚盛里,014鄰,新生北路二段９８號九樓之１１,民國114年9月23日,門牌初編
台北市,中山區,聚盛里,014鄰,新生北路二段９８號九樓之２,民國114年9月23日,門牌初編
台北市,中山區,聚盛里,014鄰,新生北路二段９８號九樓之３,民國114年9月23日,門牌初編
台北市,中山區,聚盛里,014鄰,新生北路二段９８號九樓之５,民國114年9月23日,門牌初編
台北市,中山區,聚盛里,014鄰,新生北路二段９８號九樓之６,民國114年9月23日,門牌初編
台北市,中山區,聚盛里,014鄰,新生北路二段９８號九樓之７,民國114年9月23日,門牌初編
台北市,中山區,聚盛里,014鄰,新生北路二段９８號九樓之８,民國114年9月23日,門牌初編
台北市,中山區,聚盛里,014鄰,新生北路二段９８號九樓之９,民國114年9月23日,門牌初編
台北市,中山區,聚盛里,014鄰,新生北路二段９８號二十樓,民國114年9月23日,門牌初編
台北市,中山區,聚盛里,014鄰,新生北路二段９８號二十樓之１,民國114年9月23日,門牌初編
台北市,中山區,聚盛里,014鄰,新生北路二段９８號二十樓之１０,民國114年9月23日,門牌初編
台北市,中山區,聚盛里,014鄰,新生北路二段９８號二十樓之１１,民國114年9月23日,門牌初編
台北市,中山區,聚盛里,014鄰,新生北路二段９８號二十樓之１２,民國114年9月23日,門牌初編
台北市,中山區,聚盛里,014鄰,新生北路二段９８號二十樓之２,民國114年9月23日,門牌初編
台北市,中山區,聚盛里,014鄰,新生北路二段９８號二十樓之３,民國114年9月23日,門牌初編
台北市,中山區,聚盛里,014鄰,新生北路二段９８號二十樓之５,民國114年9月23日,門牌初編
台北市,中山區,聚盛里,014鄰,新生北路二段９８號二十樓之６,民國114年9月23日,門牌初編
台北市,中山區,聚盛里,014鄰,新生北路二段９８號二十樓之７,民國114年9月23日,門牌初編
台北市,中山區,聚盛里,014鄰,新生北路二段９８號二十樓之８,民國114年9月23日,門牌初編
台北市,中山區,聚盛里,014鄰,新生北路二段９８號二十樓之９,民國114年9月23日,門牌初編
台北市,中山區,聚盛里,014鄰,新生北路二段９８號二樓,民國114年9月23日,門牌初編
台北市,中山區,聚盛里,014鄰,新生北路二段９８號二樓之１,民國114年9月23日,門牌初編
台北市,中山區,聚盛里,014鄰,新生北路二段９８號八樓,民國114年9月23日,門牌初編
台北市,中山區,聚盛里,014鄰,新生北路二段９８號八樓之１,民國114年9月23日,門牌初編
台北市,中山區,聚盛里,014鄰,新生北路二段９８號八樓之１０,民國114年9月23日,門牌初編
台北市,中山區,聚盛里,014鄰,新生北路二段９８號八樓之１１,民國114年9月23日,門牌初編
台北市,中山區,聚盛里,014鄰,新生北路二段９８號八樓之２,民國114年9月23日,門牌初編
台北市,中山區,聚盛里,014鄰,新生北路二段９８號八樓之３,民國114年9月23日,門牌初編
台北市,中山區,聚盛里,014鄰,新生北路二段９８號八樓之５,民國114年9月23日,門牌初編
台北市,中山區,聚盛里,014鄰,新生北路二段９８號八樓之６,民國114年9月23日,門牌初編
台北市,中山區,聚盛里,014鄰,新生北路二段９８號八樓之７,民國114年9月23日,門牌初編
台北市,中山區,聚盛里,014鄰,新生北路二段９８號八樓之８,民國114年9月23日,門牌初編
台北市,中山區,聚盛里,014鄰,新生北路二段９８號八樓之９,民國114年9月23日,門牌初編
台北市,中山區,聚盛里,014鄰,新生北路二段９８號十一樓,民國114年9月23日,門牌初編
台北市,中山區,聚盛里,014鄰,新生北路二段９８號十一樓之１,民國114年9月23日,門牌初編
台北市,中山區,聚盛里,014鄰,新生北路二段９８號十一樓之１０,民國114年9月23日,門牌初編
台北市,中山區,聚盛里,014鄰,新生北路二段９８號十一樓之１１,民國114年9月23日,門牌初編
台北市,中山區,聚盛里,014鄰,新生北路二段９８號十一樓之２,民國114年9月23日,門牌初編
台北市,中山區,聚盛里,014鄰,新生北路二段９８號十一樓之３,民國114年9月23日,門牌初編
台北市,中山區,聚盛里,014鄰,新生北路二段９８號十一樓之５,民國114年9月23日,門牌初編
台北市,中山區,聚盛里,014鄰,新生北路二段９８號十一樓之６,民國114年9月23日,門牌初編
台北市,中山區,聚盛里,014鄰,新生北路二段９８號十一樓之７,民國114年9月23日,門牌初編
台北市,中山區,聚盛里,014鄰,新生北路二段９８號十一樓之８,民國114年9月23日,門牌初編
台北市,中山區,聚盛里,014鄰,新生北路二段９８號十一樓之９,民國114年9月23日,門牌初編
台北市,中山區,聚盛里,014鄰,新生北路二段９８號十七樓,民國114年9月23日,門牌初編
台北市,中山區,聚盛里,014鄰,新生北路二段９８號十七樓之１,民國114年9月23日,門牌初編
台北市,中山區,聚盛里,014鄰,新生北路二段９８號十七樓之１０,民國114年9月23日,門牌初編
台北市,中山區,聚盛里,014鄰,新生北路二段９８號十七樓之１１,民國114年9月23日,門牌初編
台北市,中山區,聚盛里,014鄰,新生北路二段９８號十七樓之１２,民國114年9月23日,門牌初編
台北市,中山區,聚盛里,014鄰,新生北路二段９８號十七樓之２,民國114年9月23日,門牌初編
台北市,中山區,聚盛里,014鄰,新生北路二段９８號十七樓之３,民國114年9月23日,門牌初編
台北市,中山區,聚盛里,014鄰,新生北路二段９８號十七樓之５,民國114年9月23日,門牌初編
台北市,中山區,聚盛里,014鄰,新生北路二段９８號十七樓之６,民國114年9月23日,門牌初編
台北市,中山區,聚盛里,014鄰,新生北路二段９８號十七樓之７,民國114年9月23日,門牌初編
台北市,中山區,聚盛里,014鄰,新生北路二段９８號十七樓之８,民國114年9月23日,門牌初編
台北市,中山區,聚盛里,014鄰,新生北路二段９８號十七樓之９,民國114年9月23日,門牌初編
台北市,中山區,聚盛里,014鄰,新生北路二段９８號十九樓,民國114年9月23日,門牌初編
台北市,中山區,聚盛里,014鄰,新生北路二段９８號十九樓之１,民國114年9月23日,門牌初編
台北市,中山區,聚盛里,014鄰,新生北路二段９８號十九樓之１０,民國114年9月23日,門牌初編
台北市,中山區,聚盛里,014鄰,新生北路二段９８號十九樓之１１,民國114年9月23日,門牌初編
台北市,中山區,聚盛里,014鄰,新生北路二段９８號十九樓之１２,民國114年9月23日,門牌初編
台北市,中山區,聚盛里,014鄰,新生北路二段９８號十九樓之２,民國114年9月23日,門牌初編
台北市,中山區,聚盛里,014鄰,新生北路二段９８號十九樓之３,民國114年9月23日,門牌初編
台北市,中山區,聚盛里,014鄰,新生北路二段９８號十九樓之５,民國114年9月23日,門牌初編
台北市,中山區,聚盛里,014鄰,新生北路二段９８號十九樓之６,民國114年9月23日,門牌初編
台北市,中山區,聚盛里,014鄰,新生北路二段９８號十九樓之７,民國114年9月23日,門牌初編
台北市,中山區,聚盛里,014鄰,新生北路二段９８號十九樓之８,民國114年9月23日,門牌初編
台北市,中山區,聚盛里,014鄰,新生北路二段９８號十九樓之９,民國114年9月23日,門牌初編
台北市,中山區,聚盛里,014鄰,新生北路二段９８號十二樓,民國114年9月23日,門牌初編
台北市,中山區,聚盛里,014鄰,新生北路二段９８號十二樓之１,民國114年9月23日,門牌初編
台北市,中山區,聚盛里,014鄰,新生北路二段９８號十二樓之１０,民國114年9月23日,門牌初編
台北市,中山區,聚盛里,014鄰,新生北路二段９８號十二樓之１１,民國114年9月23日,門牌初編
台北市,中山區,聚盛里,014鄰,新生北路二段９８號十二樓之２,民國114年9月23日,門牌初編
台北市,中山區,聚盛里,014鄰,新生北路二段９８號十二樓之３,民國114年9月23日,門牌初編
台北市,中山區,聚盛里,014鄰,新生北路二段９８號十二樓之５,民國114年9月23日,門牌初編
台北市,中山區,聚盛里,014鄰,新生北路二段９８號十二樓之６,民國114年9月23日,門牌初編
台北市,中山區,聚盛里,014鄰,新生北路二段９８號十二樓之７,民國114年9月23日,門牌初編
台北市,中山區,聚盛里,014鄰,新生北路二段９８號十二樓之８,民國114年9月23日,門牌初編
台北市,中山區,聚盛里,014鄰,新生北路二段９８號十二樓之９,民國114年9月23日,門牌初編
台北市,中山區,聚盛里,014鄰,新生北路二段９８號十八樓,民國114年9月23日,門牌初編
台北市,中山區,聚盛里,014鄰,新生北路二段９８號十八樓之１,民國114年9月23日,門牌初編
台北市,中山區,聚盛里,014鄰,新生北路二段９８號十八樓之１０,民國114年9月23日,門牌初編
台北市,中山區,聚盛里,014鄰,新生北路二段９８號十八樓之１１,民國114年9月23日,門牌初編
台北市,中山區,聚盛里,014鄰,新生北路二段９８號十八樓之１２,民國114年9月23日,門牌初編
台北市,中山區,聚盛里,014鄰,新生北路二段９８號十八樓之２,民國114年9月23日,門牌初編
台北市,中山區,聚盛里,014鄰,新生北路二段９８號十八樓之３,民國114年9月23日,門牌初編
台北市,中山區,聚盛里,014鄰,新生北路二段９８號十八樓之５,民國114年9月23日,門牌初編
台北市,中山區,聚盛里,014鄰,新生北路二段９８號十八樓之６,民國114年9月23日,門牌初編
台北市,中山區,聚盛里,014鄰,新生北路二段９８號十八樓之７,民國114年9月23日,門牌初編
台北市,中山區,聚盛里,014鄰,新生北路二段９８號十八樓之８,民國114年9月23日,門牌初編
台北市,中山區,聚盛里,014鄰,新生北路二段９８號十八樓之９,民國114年9月23日,門牌初編
台北市,中山區,聚盛里,014鄰,新生北路二段９８號十三樓,民國114年9月23日,門牌初編
台北市,中山區,聚盛里,014鄰,新生北路二段９８號十三樓之１,民國114年9月23日,門牌初編
台北市,中山區,聚盛里,014鄰,新生北路二段９８號十三樓之１０,民國114年9月23日,門牌初編
台北市,中山區,聚盛里,014鄰,新生北路二段９８號十三樓之１１,民國114年9月23日,門牌初編
台北市,中山區,聚盛里,014鄰,新生北路二段９８號十三樓之２,民國114年9月23日,門牌初編
台北市,中山區,聚盛里,014鄰,新生北路二段９８號十三樓之３,民國114年9月23日,門牌初編
台北市,中山區,聚盛里,014鄰,新生北路二段９８號十三樓之５,民國114年9月23日,門牌初編
台北市,中山區,聚盛里,014鄰,新生北路二段９８號十三樓之６,民國114年9月23日,門牌初編
台北市,中山區,聚盛里,014鄰,新生北路二段９８號十三樓之７,民國114年9月23日,門牌初編
台北市,中山區,聚盛里,014鄰,新生北路二段９８號十三樓之８,民國114年9月23日,門牌初編
台北市,中山區,聚盛里,014鄰,新生北路二段９８號十三樓之９,民國114年9月23日,門牌初編
台北市,中山區,聚盛里,014鄰,新生北路二段９８號十五樓,民國114年9月23日,門牌初編
台北市,中山區,聚盛里,014鄰,新生北路二段９８號十五樓之１,民國114年9月23日,門牌初編
台北市,中山區,聚盛里,014鄰,新生北路二段９８號十五樓之１０,民國114年9月23日,門牌初編
台北市,中山區,聚盛里,014鄰,新生北路二段９８號十五樓之１１,民國114年9月23日,門牌初編
台北市,中山區,聚盛里,014鄰,新生北路二段９８號十五樓之２,民國114年9月23日,門牌初編
台北市,中山區,聚盛里,014鄰,新生北路二段９８號十五樓之３,民國114年9月23日,門牌初編
台北市,中山區,聚盛里,014鄰,新生北路二段９８號十五樓之５,民國114年9月23日,門牌初編
台北市,中山區,聚盛里,014鄰,新生北路二段９８號十五樓之６,民國114年9月23日,門牌初編
台北市,中山區,聚盛里,014鄰,新生北路二段９８號十五樓之７,民國114年9月23日,門牌初編
台北市,中山區,聚盛里,014鄰,新生北路二段９８號十五樓之８,民國114年9月23日,門牌初編
台北市,中山區,聚盛里,014鄰,新生北路二段９８號十五樓之９,民國114年9月23日,門牌初編
台北市,中山區,聚盛里,014鄰,新生北路二段９８號十六樓,民國114年9月23日,門牌初編
台北市,中山區,聚盛里,014鄰,新生北路二段９８號十六樓之１,民國114年9月23日,門牌初編
台北市,中山區,聚盛里,014鄰,新生北路二段９８號十六樓之１０,民國114年9月23日,門牌初編
台北市,中山區,聚盛里,014鄰,新生北路二段９８號十六樓之１１,民國114年9月23日,門牌初編
台北市,中山區,聚盛里,014鄰,新生北路二段９８號十六樓之２,民國114年9月23日,門牌初編
台北市,中山區,聚盛里,014鄰,新生北路二段９８號十六樓之３,民國114年9月23日,門牌初編
台北市,中山區,聚盛里,014鄰,新生北路二段９８號十六樓之５,民國114年9月23日,門牌初編
台北市,中山區,聚盛里,014鄰,新生北路二段９８號十六樓之６,民國114年9月23日,門牌初編
台北市,中山區,聚盛里,014鄰,新生北路二段９８號十六樓之７,民國114年9月23日,門牌初編
台北市,中山區,聚盛里,014鄰,新生北路二段９８號十六樓之８,民國114年9月23日,門牌初編
台北市,中山區,聚盛里,014鄰,新生北路二段９８號十六樓之９,民國114年9月23日,門牌初編
台北市,中山區,聚盛里,014鄰,新生北路二段９８號十四樓,民國114年9月23日,門牌初編
台北市,中山區,聚盛里,014鄰,新生北路二段９８號十四樓之１,民國114年9月23日,門牌初編
台北市,中山區,聚盛里,014鄰,新生北路二段９８號十四樓之１０,民國114年9月23日,門牌初編
台北市,中山區,聚盛里,014鄰,新生北路二段９８號十四樓之２,民國114年9月23日,門牌初編
台北市,中山區,聚盛里,014鄰,新生北路二段９８號十四樓之３,民國114年9月23日,門牌初編
台北市,中山區,聚盛里,014鄰,新生北路二段９８號十四樓之５,民國114年9月23日,門牌初編
台北市,中山區,聚盛里,014鄰,新生北路二段９８號十四樓之６,民國114年9月23日,門牌初編
台北市,中山區,聚盛里,014鄰,新生北路二段９８號十四樓之７,民國114年9月23日,門牌初編
台北市,中山區,聚盛里,014鄰,新生北路二段９８號十四樓之８,民國114年9月23日,門牌初編
台北市,中山區,聚盛里,014鄰,新生北路二段９８號十四樓之９,民國114年9月23日,門牌初編
台北市,中山區,聚盛里,014鄰,新生北路二段９８號十樓,民國114年9月23日,門牌初編
台北市,中山區,聚盛里,014鄰,新生北路二段９８號十樓之１,民國114年9月23日,門牌初編
台北市,中山區,聚盛里,014鄰,新生北路二段９８號十樓之１０,民國114年9月23日,門牌初編
台北市,中山區,聚盛里,014鄰,新生北路二段９８號十樓之１１,民國114年9月23日,門牌初編
台北市,中山區,聚盛里,014鄰,新生北路二段９８號十樓之２,民國114年9月23日,門牌初編
台北市,中山區,聚盛里,014鄰,新生北路二段９８號十樓之３,民國114年9月23日,門牌初編
台北市,中山區,聚盛里,014鄰,新生北路二段９８號十樓之５,民國114年9月23日,門牌初編
台北市,中山區,聚盛里,014鄰,新生北路二段９８號十樓之６,民國114年9月23日,門牌初編
台北市,中山區,聚盛里,014鄰,新生北路二段９８號十樓之７,民國114年9月23日,門牌初編
台北市,中山區,聚盛里,014鄰,新生北路二段９８號十樓之８,民國114年9月23日,門牌初編
台北市,中山區,聚盛里,014鄰,新生北路二段９８號十樓之９,民國114年9月23日,門牌初編
台北市,中山區,聚盛里,014鄰,新生北路二段９８號三樓,民國114年9月23日,門牌初編
台北市,中山區,聚盛里,014鄰,新生北路二段９８號三樓之１,民國114年9月23日,門牌初編
台北市,中山區,聚盛里,014鄰,新生北路二段９８號三樓之１０,民國114年9月23日,門牌初編
台北市,中山區,聚盛里,014鄰,新生北路二段９８號三樓之１１,民國114年9月23日,門牌初編
台北市,中山區,聚盛里,014鄰,新生北路二段９８號三樓之１２,民國114年9月23日,門牌初編
台北市,中山區,聚盛里,014鄰,新生北路二段９８號三樓之２,民國114年9月23日,門牌初編
台北市,中山區,聚盛里,014鄰,新生北路二段９８號三樓之３,民國114年9月23日,門牌初編
台北市,中山區,聚盛里,014鄰,新生北路二段９８號三樓之５,民國114年9月23日,門牌初編
台北市,中山區,聚盛里,014鄰,新生北路二段９８號三樓之６,民國114年9月23日,門牌初編
台北市,中山區,聚盛里,014鄰,新生北路二段９８號三樓之７,民國114年9月23日,門牌初編
台北市,中山區,聚盛里,014鄰,新生北路二段９８號三樓之８,民國114年9月23日,門牌初編
台北市,中山區,聚盛里,014鄰,新生北路二段９８號三樓之９,民國114年9月23日,門牌初編
台北市,中山區,聚盛里,014鄰,新生北路二段９８號五樓,民國114年9月23日,門牌初編
台北市,中山區,聚盛里,014鄰,新生北路二段９８號五樓之１,民國114年9月23日,門牌初編
台北市,中山區,聚盛里,014鄰,新生北路二段９８號五樓之１０,民國114年9月23日,門牌初編
台北市,中山區,聚盛里,014鄰,新生北路二段９８號五樓之１１,民國114年9月23日,門牌初編
台北市,中山區,聚盛里,014鄰,新生北路二段９８號五樓之１２,民國114年9月23日,門牌初編
台北市,中山區,聚盛里,014鄰,新生北路二段９８號五樓之１３,民國114年9月23日,門牌初編
台北市,中山區,聚盛里,014鄰,新生北路二段９８號五樓之２,民國114年9月23日,門牌初編
台北市,中山區,聚盛里,014鄰,新生北路二段９８號五樓之３,民國114年9月23日,門牌初編
台北市,中山區,聚盛里,014鄰,新生北路二段９８號五樓之５,民國114年9月23日,門牌初編
台北市,中山區,聚盛里,014鄰,新生北路二段９８號五樓之６,民國114年9月23日,門牌初編
台北市,中山區,聚盛里,014鄰,新生北路二段９８號五樓之７,民國114年9月23日,門牌初編
台北市,中山區,聚盛里,014鄰,新生北路二段９８號五樓之８,民國114年9月23日,門牌初編
台北市,中山區,聚盛里,014鄰,新生北路二段９８號五樓之９,民國114年9月23日,門牌初編
台北市,中山區,聚盛里,014鄰,新生北路二段９８號六樓,民國114年9月23日,門牌初編
台北市,中山區,聚盛里,014鄰,新生北路二段９８號六樓之１,民國114年9月23日,門牌初編
台北市,中山區,聚盛里,014鄰,新生北路二段９８號六樓之１０,民國114年9月23日,門牌初編
台北市,中山區,聚盛里,014鄰,新生北路二段９８號六樓之１１,民國114年9月23日,門牌初編
台北市,中山區,聚盛里,014鄰,新生北路二段９８號六樓之１２,民國114年9月23日,門牌初編
台北市,中山區,聚盛里,014鄰,新生北路二段９８號六樓之１３,民國114年9月23日,門牌初編
台北市,中山區,聚盛里,014鄰,新生北路二段９８號六樓之２,民國114年9月23日,門牌初編
台北市,中山區,聚盛里,014鄰,新生北路二段９８號六樓之３,民國114年9月23日,門牌初編
台北市,中山區,聚盛里,014鄰,新生北路二段９８號六樓之５,民國114年9月23日,門牌初編
台北市,中山區,聚盛里,014鄰,新生北路二段９８號六樓之６,民國114年9月23日,門牌初編
台北市,中山區,聚盛里,014鄰,新生北路二段９８號六樓之７,民國114年9月23日,門牌初編
台北市,中山區,聚盛里,014鄰,新生北路二段９８號六樓之８,民國114年9月23日,門牌初編
台北市,中山區,聚盛里,014鄰,新生北路二段９８號六樓之９,民國114年9月23日,門牌初編
台北市,中山區,聚盛里,014鄰,新生北路二段９８號四樓,民國114年9月23日,門牌初編
台北市,中山區,聚盛里,014鄰,新生北路二段９８號四樓之１,民國114年9月23日,門牌初編
台北市,中山區,聚盛里,014鄰,新生北路二段９８號四樓之１０,民國114年9月23日,門牌初編
台北市,中山區,聚盛里,014鄰,新生北路二段９８號四樓之１１,民國114年9月23日,門牌初編
台北市,中山區,聚盛里,014鄰,新生北路二段９８號四樓之１２,民國114年9月23日,門牌初編
台北市,中山區,聚盛里,014鄰,新生北路二段９８號四樓之１３,民國114年9月23日,門牌初編
台北市,中山區,聚盛里,014鄰,新生北路二段９８號四樓之２,民國114年9月23日,門牌初編
台北市,中山區,聚盛里,014鄰,新生北路二段９８號四樓之３,民國114年9月23日,門牌初編
台北市,中山區,聚盛里,014鄰,新生北路二段９８號四樓之５,民國114年9月23日,門牌初編
台北市,中山區,聚盛里,014鄰,新生北路二段９８號四樓之６,民國114年9月23日,門牌初編
台北市,中山區,聚盛里,014鄰,新生北路二段９８號四樓之７,民國114年9月23日,門牌初編
台北市,中山區,聚盛里,014鄰,新生北路二段９８號四樓之８,民國114年9月23日,門牌初編
台北市,中山區,聚盛里,014鄰,新生北路二段９８號四樓之９,民國114年9月23日,門牌初編
台北市,中山區,成功里,021鄰,敬業二路５６號,民國114年9月18日,門牌初編
台北市,中山區,成功里,021鄰,敬業二路５６號七樓,民國114年9月18日,門牌初編
台北市,中山區,成功里,021鄰,敬業二路５６號九樓,民國114年9月18日,門牌初編
台北市,中山區,成功里,021鄰,敬業二路５６號二樓,民國114年9月18日,門牌初編
台北市,中山區,成功里,021鄰,敬業二路５６號八樓,民國114年9月18日,門牌初編
台北市,中山區,成功里,021鄰,敬業二路５６號十一樓,民國114年9月18日,門牌初編
台北市,中山區,成功里,021鄰,敬業二路５６號十二樓,民國114年9月18日,門牌初編
台北市,中山區,成功里,021鄰,敬業二路５６號十樓,民國114年9月18日,門牌初編
台北市,中山區,成功里,021鄰,敬業二路５６號三樓,民國114年9月18日,門牌初編
台北市,中山區,成功里,021鄰,敬業二路５６號五樓,民國114年9月18日,門牌初編
台北市,中山區,成功里,021鄰,敬業二路５６號六樓,民國114年9月18日,門牌初編
台北市,中山區,成功里,021鄰,敬業二路５６號四樓,民國114年9月18日,門牌初編
台北市,中山區,成功里,021鄰,敬業二路５８號,民國114年9月18日,門牌初編
台北市,中山區,成功里,021鄰,敬業二路５８號七樓,民國114年9月18日,門牌初編
台北市,中山區,成功里,021鄰,敬業二路５８號九樓,民國114年9月18日,門牌初編
台北市,中山區,成功里,021鄰,敬業二路５８號二樓,民國114年9月18日,門牌初編
台北市,中山區,成功里,021鄰,敬業二路５８號八樓,民國114年9月18日,門牌初編
台北市,中山區,成功里,021鄰,敬業二路５８號十一樓,民國114年9月18日,門牌初編
台北市,中山區,成功里,021鄰,敬業二路５８號十七樓,民國114年9月18日,門牌初編
台北市,中山區,成功里,021鄰,敬業二路５８號十二樓,民國114年9月18日,門牌初編
台北市,中山區,成功里,021鄰,敬業二路５８號十三樓,民國114年9月18日,門牌初編
台北市,中山區,成功里,021鄰,敬業二路５８號十五樓,民國114年9月18日,門牌初編
台北市,中山區,成功里,021鄰,敬業二路５８號十六樓,民國114年9月18日,門牌初編
台北市,中山區,成功里,021鄰,敬業二路５８號十四樓,民國114年9月18日,門牌初編
台北市,中山區,成功里,021鄰,敬業二路５８號十樓,民國114年9月18日,門牌初編
台北市,中山區,成功里,021鄰,敬業二路５８號三樓,民國114年9月18日,門牌初編
台北市,中山區,成功里,021鄰,敬業二路５８號五樓,民國114年9月18日,門牌初編
台北市,中山區,成功里,021鄰,敬業二路５８號六樓,民國114年9月18日,門牌初編
台北市,中山區,成功里,021鄰,敬業二路５８號四樓,民國114年9月18日,門牌初編
台北市,中山區,成功里,021鄰,敬業二路６０號,民國114年9月18日,門牌初編
台北市,中山區,成功里,021鄰,敬業二路６０號七樓,民國114年9月18日,門牌初編
台北市,中山區,成功里,021鄰,敬業二路６０號九樓,民國114年9月18日,門牌初編
台北市,中山區,成功里,021鄰,敬業二路６０號二樓,民國114年9月18日,門牌初編
台北市,中山區,成功里,021鄰,敬業二路６０號八樓,民國114年9月18日,門牌初編
台北市,中山區,成功里,021鄰,敬業二路６０號十一樓,民國114年9月18日,門牌初編
台北市,中山區,成功里,021鄰,敬業二路６０號十二樓,民國114年9月18日,門牌初編
台北市,中山區,成功里,021鄰,敬業二路６０號十樓,民國114年9月18日,門牌初編
台北市,中山區,成功里,021鄰,敬業二路６０號三樓,民國114年9月18日,門牌初編
台北市,中山區,成功里,021鄰,敬業二路６０號五樓,民國114年9月18日,門牌初編
台北市,中山區,成功里,021鄰,敬業二路６０號六樓,民國114年9月18日,門牌初編
台北市,中山區,成功里,021鄰,敬業二路６０號四樓,民國114年9月18日,門牌初編
台北市,中山區,成功里,021鄰,敬業二路６２號,民國114年9月18日,門牌初編
台北市,中山區,成功里,021鄰,敬業二路６２號七樓,民國114年9月18日,門牌初編
台北市,中山區,成功里,021鄰,敬業二路６２號九樓,民國114年9月18日,門牌初編
台北市,中山區,成功里,021鄰,敬業二路６２號二樓,民國114年9月18日,門牌初編
台北市,中山區,成功里,021鄰,敬業二路６２號八樓,民國114年9月18日,門牌初編
台北市,中山區,成功里,021鄰,敬業二路６２號十一樓,民國114年9月18日,門牌初編
台北市,中山區,成功里,021鄰,敬業二路６２號十二樓,民國114年9月18日,門牌初編
台北市,中山區,成功里,021鄰,敬業二路６２號十樓,民國114年9月18日,門牌初編
台北市,中山區,成功里,021鄰,敬業二路６２號三樓,民國114年9月18日,門牌初編
台北市,中山區,成功里,021鄰,敬業二路６２號五樓,民國114年9月18日,門牌初編
台北市,中山區,成功里,021鄰,敬業二路６２號六樓,民國114年9月18日,門牌初編
台北市,中山區,成功里,021鄰,敬業二路６２號四樓,民國114年9月18日,門牌初編
台北市,中山區,成功里,021鄰,敬業二路６６號,民國114年9月18日,門牌初編
台北市,中山區,成功里,021鄰,敬業二路６６號七樓,民國114年9月18日,門牌初編
台北市,中山區,成功里,021鄰,敬業二路６６號九樓,民國114年9月18日,門牌初編
台北市,中山區,成功里,021鄰,敬業二路６６號二樓,民國114年9月18日,門牌初編
台北市,中山區,成功里,021鄰,敬業二路６６號八樓,民國114年9月18日,門牌初編
台北市,中山區,成功里,021鄰,敬業二路６６號十一樓,民國114年9月18日,門牌初編
台北市,中山區,成功里,021鄰,敬業二路６６號十二樓,民國114年9月18日,門牌初編
台北市,中山區,成功里,021鄰,敬業二路６６號十樓,民國114年9月18日,門牌初編
台北市,中山區,成功里,021鄰,敬業二路６６號三樓,民國114年9月18日,門牌初編
台北市,中山區,成功里,021鄰,敬業二路６６號五樓,民國114年9月18日,門牌初編
台北市,中山區,成功里,021鄰,敬業二路６６號六樓,民國114年9月18日,門牌初編
台北市,中山區,成功里,021鄰,敬業二路６６號四樓,民國114年9月18日,門牌初編
台北市,中山區,成功里,021鄰,敬業二路６８號,民國114年9月18日,門牌初編
台北市,中山區,成功里,021鄰,敬業二路６８號七樓,民國114年9月18日,門牌初編
台北市,中山區,成功里,021鄰,敬業二路６８號九樓,民國114年9月18日,門牌初編
台北市,中山區,成功里,021鄰,敬業二路６８號二樓,民國114年9月18日,門牌初編
台北市,中山區,成功里,021鄰,敬業二路６８號八樓,民國114年9月18日,門牌初編
台北市,中山區,成功里,021鄰,敬業二路６８號十一樓,民國114年9月18日,門牌初編
台北市,中山區,成功里,021鄰,敬業二路６８號十七樓,民國114年9月18日,門牌初編
台北市,中山區,成功里,021鄰,敬業二路６８號十二樓,民國114年9月18日,門牌初編
台北市,中山區,成功里,021鄰,敬業二路６８號十三樓,民國114年9月18日,門牌初編
台北市,中山區,成功里,021鄰,敬業二路６８號十五樓,民國114年9月18日,門牌初編
台北市,中山區,成功里,021鄰,敬業二路６８號十六樓,民國114年9月18日,門牌初編
台北市,中山區,成功里,021鄰,敬業二路６８號十四樓,民國114年9月18日,門牌初編
台北市,中山區,成功里,021鄰,敬業二路６８號十樓,民國114年9月18日,門牌初編
台北市,中山區,成功里,021鄰,敬業二路６８號三樓,民國114年9月18日,門牌初編
台北市,中山區,成功里,021鄰,敬業二路６８號五樓,民國114年9月18日,門牌初編
台北市,中山區,成功里,021鄰,敬業二路６８號六樓,民國114年9月18日,門牌初編
台北市,中山區,成功里,021鄰,敬業二路６８號四樓,民國114年9月18日,門牌初編
台北市,中山區,成功里,021鄰,敬業二路７０號,民國114年9月18日,門牌初編
台北市,中山區,成功里,021鄰,敬業二路７０號七樓,民國114年9月18日,門牌初編
台北市,中山區,成功里,021鄰,敬業二路７０號九樓,民國114年9月18日,門牌初編
台北市,中山區,成功里,021鄰,敬業二路７０號八樓,民國114年9月18日,門牌初編
台北市,中山區,成功里,021鄰,敬業二路７０號十一樓,民國114年9月18日,門牌初編
台北市,中山區,成功里,021鄰,敬業二路７０號十二樓,民國114年9月18日,門牌初編
台北市,中山區,成功里,021鄰,敬業二路７０號十樓,民國114年9月18日,門牌初編
台北市,中山區,成功里,021鄰,敬業二路７０號三樓,民國114年9月18日,門牌初編
台北市,中山區,成功里,021鄰,敬業二路７０號五樓,民國114年9月18日,門牌初編
台北市,中山區,成功里,021鄰,敬業二路７０號六樓,民國114年9月18日,門牌初編
台北市,中山區,成功里,021鄰,敬業二路７０號四樓,民國114年9月18日,門牌初編
台北市,中山區,成功里,021鄰,敬業二路７２號,民國114年9月18日,門牌初編
台北市,中山區,成功里,021鄰,敬業二路７２號七樓,民國114年9月18日,門牌初編
台北市,中山區,成功里,021鄰,敬業二路７２號九樓,民國114年9月18日,門牌初編
台北市,中山區,成功里,021鄰,敬業二路７２號八樓,民國114年9月18日,門牌初編
台北市,中山區,成功里,021鄰,敬業二路７２號十一樓,民國114年9月18日,門牌初編
台北市,中山區,成功里,021鄰,敬業二路７２號十二樓,民國114年9月18日,門牌初編
台北市,中山區,成功里,021鄰,敬業二路７２號十樓,民國114年9月18日,門牌初編
台北市,中山區,成功里,021鄰,敬業二路７２號三樓,民國114年9月18日,門牌初編
台北市,中山區,成功里,021鄰,敬業二路７２號五樓,民國114年9月18日,門牌初編
台北市,中山區,成功里,021鄰,敬業二路７２號六樓,民國114年9月18日,門牌初編
台北市,中山區,成功里,021鄰,敬業二路７２號四樓,民國114年9月18日,門牌初編
台北市,中山區,中山里,021鄰,新生北路二段６０巷４９之１號,民國114年9月4日,門牌初編
台北市,中山區,中山里,021鄰,新生北路二段６０巷４９號,民國114年9月4日,門牌初編
台北市,中山區,中山里,021鄰,新生北路二段６０巷４９號七樓,民國114年9月4日,門牌初編
台北市,中山區,中山里,021鄰,新生北路二段６０巷４９號七樓之１,民國114年9月4日,門牌初編
台北市,中山區,中山里,021鄰,新生北路二段６０巷４９號二樓,民國114年9月4日,門牌初編
台北市,中山區,中山里,021鄰,新生北路二段６０巷４９號二樓之１,民國114年9月4日,門牌初編
台北市,中山區,中山里,021鄰,新生北路二段６０巷４９號二樓之２,民國114年9月4日,門牌初編
台北市,中山區,中山里,021鄰,新生北路二段６０巷４９號三樓,民國114年9月4日,門牌初編
台北市,中山區,中山里,021鄰,新生北路二段６０巷４９號三樓之１,民國114年9月4日,門牌初編
台北市,中山區,中山里,021鄰,新生北路二段６０巷４９號三樓之２,民國114年9月4日,門牌初編
台北市,中山區,中山里,021鄰,新生北路二段６０巷４９號五樓,民國114年9月4日,門牌初編
台北市,中山區,中山里,021鄰,新生北路二段６０巷４９號五樓之１,民國114年9月4日,門牌初編
台北市,中山區,中山里,021鄰,新生北路二段６０巷４９號五樓之２,民國114年9月4日,門牌初編
台北市,中山區,中山里,021鄰,新生北路二段６０巷４９號六樓,民國114年9月4日,門牌初編
台北市,中山區,中山里,021鄰,新生北路二段６０巷４９號六樓之１,民國114年9月4日,門牌初編
台北市,中山區,,,,,門牌初編
